numéro_département;numéro_circonscription;nom_commune;codes_postaux;code_insee;latitude;longitude
74;1;Seyssel;74910;74269;45;96
84;2;Roussillon;84220;84102;43.9;5.283333
84;2;Puyvert;84160;84095;43.766667;5.35
84;3;Aurel;84390;84005;44.133333;5.416667
84;3;Saint-Christol;84390;84107;44.033333;5.5
88;4;Harchéchamp;88300;88229;48.383333;5.783333
88;4;Greux;88630;88219;48.45;5.683333
88;4;Frebécourt;88630;88183;48.383333;5.666667
84;4;Travaillan;84850;84134;44.183333;4.9
84;4;Beaumont-du-Ventoux;84340;84015;44.183333;5.166667
84;4;Lagarde-Paréol;84290;84061;44.216667;4.85
84;4;Roaix;84110;84098;44.25;5.016667
88;4;Midrevaux;88630;88303;48.383333;5.616667
88;4;Mont-lčs-Neufchâteau;88300;88308;48.35;5.633333
88;4;Sionne;88630;88457;48.4;5.65
88;4;Villouxel;88350;88511;48.35;5.583333
88;4;Chermisey;88630;88102;48.416667;5.566667
88;4;Gendreville;88140;88195;48.233333;5.716667
88;4;Seraumont;88630;88453;48.433333;5.6
88;4;Clérey-la-Côte;88630;88107;48.483333;5.766667
88;4;Avranville;88630;88025;48.416667;5.533333
88;4;Jubainville;88630;88255;48.466667;5.75
84;3;Blauvac;84570;84018;44.033333;5.2
84;3;Saint-Trinit;84390;84120;44.1;5.466667
84;2;La Tour-d'Aigues;84240;84133;43.733333;5.55
88;4;Rollainville;88300;88393;48.366667;5.733333
84;2;Saint-Martin-de-Castillon;84750;84112;43.866667;5.516667
88;4;Grand;88350;88212;48.383333;5.483333
84;4;Le Barroux;84330;84008;44.133333;5.1
84;4;Vaison-la-Romaine;84110;84137;44.233333;5.066667
84;3;Méthamis;84570;84075;44.016667;5.216667
84;4;Buisson;84110;84022;44.283333;5
84;4;Visan;84820;84150;44.3;4.966667
84;3;Flassan;84410;84046;44.1;5.25
84;4;Villedieu;84110;84146;44.283333;5.033333
84;4;Lafare;84190;84059;44.15;5.05
88;4;Trampot;88350;88477;48.366667;5.433333
84;4;Saint-Romain-en-Viennois;84110;84116;44.266667;5.116667
88;4;Maxey-sur-Meuse;88630;88293;48.45;5.7
84;4;Crestet;84110;84040;44.216667;5.083333
84;3;Monieux;84390;84079;44.066667;5.366667
84;3;Mormoiron;84570;84082;44.066667;5.183333
84;4;Grillon;84600;84053;44.4;4.933333
84;2;Lacoste;84480;84058;43.833333;5.3
88;4;Vaudoncourt;88140;88496;48.216667;5.808333
84;2;Villars;84400;84145;43.916667;5.4
84;4;Sainte-Cécile-les-Vignes;84290;84106;44.25;4.883333
84;4;Châteauneuf-du-Pape;84230;84037;44.05;4.833333
84;1;Avignon;84000;84007;43.95;4.816667
84;4;Violčs;84150;84149;44.166667;4.95
84;4;Brantes;84390;84021;44.183333;5.333333
84;4;Faucon;84110;84045;44.266667;5.15
84;4;Piolenc;84420;84091;44.183333;4.766667
88;4;Punerot;88630;88363;48.483333;5.816667
71;3;Chaudenay;71150;71119;46.916667;4.783333
84;3;Sorgues;84700;84129;44;4.866667
84;4;Bollčne;84500;84019;44.283333;4.75
88;4;Martigny-les-Gerbonvaux;88300;88290;48.45;5.8
84;2;Lioux;84220;84066;43.95;5.316667
84;4;Uchaux;84100;84135;44.216667;4.8
84;4;Valréas;84600;84138;44.383333;4.983333
55;2;Ecouviez;55600;55169;49.533333;5.45
88;4;Rainville;88170;88366;48.35;5.883333
84;4;Puyméras;84110;84094;44.266667;5.133333
84;4;Saint-Léger-du-Ventoux;84390;84110;44.2;5.266667
88;4;Aroffe;88170;88013;48.4;5.9
88;4;Removille;88170;88387;48.366667;5.833333
88;4;Saint-Prancher;88500;88433;48.35;5.95
84;4;Richerenches;84600;84097;44.366667;4.916667
88;4;Soncourt;88170;88459;48.4;5.916667
84;4;Savoillan;84390;84125;44.183333;5.383333
88;4;Ménil-en-Xaintois;88500;88299;48.316667;5.966667
88;4;Vicherey;88170;88504;48.383333;5.933333
1;2;Apremont;1100;1011;46.208333;5.658333
88;4;Poussay;88500;88357;48.316667;6.116667
88;4;Boulaincourt;88500;88066;48.366667;6.083333
88;4;Chef-Haut;88500;88100;48.35;6.016667
88;4;Dombasle-en-Xaintois;88500;88139;48.3;6
88;4;Rouvres-en-Xaintois;88500;88400;48.316667;6.033333
88;4;Puzieux;88500;88364;48.333333;6.1
88;4;Frenelle-la-Petite;88500;88186;48.35;6.066667
1;4;Dommartin;1380;1144;46.341667;4.991667
88;4;Mirecourt;88500;88304;48.3;6.133333
84;3;Villes-sur-Auzon;84570;84148;44.05;5.233333
2B;2;Valle-d'Alesani;20234;20334;;
89;3;Paroy-sur-Tholon;89300;89289;47.95;3.366667
89;3;Saligny;89100;89373;48.216667;3.35
89;3;Courgenay;89190;89122;48.283333;3.55
89;3;Foissy-sur-Vanne;89190;89171;48.216667;3.5
89;3;Plessis-Saint-Jean;89140;89302;48.35;3.3
89;3;Sergines;89140;89391;48.333333;3.25
89;2;Roffey;89700;89323;47.916667;3.916667
89;3;Voisines;89260;89483;48.25;3.383333
89;3;Pont-sur-Vanne;89190;89308;48.183333;3.45
89;3;Chigy;89190;89107;48.2;3.483333
89;3;Thorigny-sur-Oreuse;89260;89414;48.283333;3.4
89;3;Etigny;89510;89160;48.133333;3.283333
89;3;Theil-sur-Vanne;89760;89411;48.166667;3.416667
89;3;Lailly;89190;89214;48.25;3.533333
89;3;Soucy;89100;89399;48.25;3.316667
89;3;Cérilly;89320;89065;48.183333;3.616667
89;3;Paroy-en-Othe;89210;89288;48.033333;3.566667
89;3;Pailly;89140;89285;48.35;3.333333
89;3;Michery;89140;89255;48.3;3.233333
89;3;Mercy;89210;89249;48.033333;3.633333
89;3;Serbonnes;89140;89390;48.316667;3.2
89;3;Flacy;89190;89165;48.216667;3.6
89;3;La Postolle;89260;89310;48.283333;3.433333
89;3;Compigny;89140;89115;48.366667;3.266667
89;3;Vareilles;89760;89429;48.166667;3.466667
89;3;Chaumot;89500;89094;48.083333;3.216667
89;3;Villebougis;89150;89450;48.2;3.15
89;3;Villemanoche;89140;89456;48.3;3.183333
89;3;Chaumont;89370;89093;48.316667;3.1
89;3;Chailley;89770;89069;48.083333;3.7
89;3;Champlost;89210;89076;48.033333;3.666667
89;3;Brannay;89150;89054;48.233333;3.116667
89;3;Les Sičges;89190;89395;48.183333;3.516667
89;3;Vinneuf;89140;89480;48.35;3.133333
89;3;Vallery;89150;89428;48.233333;3.05
89;3;Villeblevin;89720;89449;48.316667;3.083333
89;3;Bagneaux;89190;89027;48.233333;3.583333
89;3;Fournaudin;89320;89181;48.15;3.65
80;5;Equancourt;80360;80275;50.033333;3.016667
89;1;Chambeugle;89120;89070;47.866667;3.033333
89;2;Soumaintrain;89570;89402;48.016667;3.833333
89;2;Sormery;89570;89398;48.083333;3.766667
89;3;Courlon-sur-Yonne;89140;89124;48.333333;3.166667
89;3;Boeurs-en-Othe;89770;89048;48.133333;3.716667
89;2;Venouse;89230;89437;47.9;3.683333
89;2;Carisey;89360;89062;47.916667;3.85
89;3;Turny;89570;89425;48.033333;3.75
89;2;Lasson;89570;89219;48.066667;3.816667
89;2;Noyers-sur-Serein;89310;89279;47.7;4
89;2;Germigny;89600;89186;47.983333;3.783333
89;2;Lignorelles;89800;89226;47.866667;3.733333
89;2;Sambourg;89160;89374;47.766667;4.016667
89;2;Dannemoine;89700;89137;47.9;3.966667
89;2;Bernouil;89360;89038;47.9;3.9
89;2;Dyé;89360;89149;47.9;3.866667
89;2;Tronchoy;89700;89423;47.916667;3.95
89;2;Moulins-en-Tonnerrois;89310;89271;47.733333;4.033333
89;2;Epineuil;89700;89153;47.866667;3.983333
89;2;Neuvy-Sautour;89570;89276;48.033333;3.8
89;2;Molosmes;89700;89262;47.883333;4.05
2;1;Mâchecourt;2350;2448;49.658333;3.841667
89;2;Argentenay;89160;89016;47.816667;4.116667
89;2;Mélisey;89430;89247;47.916667;4.066667
89;2;Argenteuil-sur-Armançon;89160;89017;47.75;4.1
89;2;Tanlay;89430;89407;47.833333;4.083333
89;2;Rugny;89430;89329;47.9;4.15
89;2;Pimelles;89740;89299;47.833333;4.166667
89;2;Trichey;89430;89422;47.933333;4.133333
89;2;Collan;89700;89112;47.85;3.883333
89;2;Villon;89740;89475;47.9;4.183333
89;2;Cruzy-le-Châtel;89740;89131;47.85;4.2
2;1;Les Autels;2360;2038;49.766667;4.2257
89;2;Môlay;89310;89259;47.733333;3.933333
2;3;Any-Martin-Rieux;2500;2020;49.883333;4.2165
2;3;Lavaqueresse;2450;2414;49.95;3.708333
81;3;Escroux;81530;81085;43.75;2.633333
89;3;Chéroy;89690;89100;48.2;3
94;4;La Queue-en-Brie;94510;94060;48.783333;2.583333
89;1;Lavau;89170;89220;47.6;2.983333
89;3;Villeneuve-la-Guyard;89340;89460;48.333333;3.066667
80;5;Péronne;80200;80620;49.933333;2.933333
3;4;Le Breuil;3120;3042;46.183333;3.658333
95;9;Saint-Witz;95470;95580;49.083333;2.566667
81;1;Saint-Juéry;81160;81257;43.916667;2.7
81;3;Senaux;81530;81282;43.766667;2.616667
80;5;Bécordel-Bécourt;80300;80073;49.983333;2.683333
95;9;Villeron;95380;95675;49.05;2.533333
95;9;Survilliers;95470;95604;49.1;2.55
80;5;Fay;80200;80304;49.883333;2.8
80;5;Colincamps;80560;80203;50.1;2.6
80;5;Irles;80300;80451;50.1;2.75
80;5;Gueudecourt;80360;80397;50.05;2.833333
80;5;Beaucourt-sur-l'Ancre;80300;80065;50.083333;2.666667
80;5;Cléry-sur-Somme;80200;80199;49.95;2.883333
95;9;Chaumontel;95270;95149;49.116667;2.433333
80;5;Maricourt;80360;80513;49.966667;2.783333
80;5;Lesboeufs;80360;80472;50.033333;2.866667
89;1;Bléneau;89220;89046;47.7;2.95
80;5;Flers;80360;80314;50.05;2.816667
80;5;Sailly-Saillisel;80360;80695;50.033333;2.916667
95;9;Roissy-en-France;95700;95527;49;2.516667
95;9;Bellefontaine;95270;95055;49.1;2.466667
80;5;Feuillčres;80200;80307;49.95;2.85
95;7;Noisy-sur-Oise;95270;95456;49.133333;2.333333
89;3;Jouy;89150;89209;48.166667;2.966667
95;9;Fosses;95470;95250;49.1;2.483333
95;9;Luzarches;95270;95352;49.116667;2.416667
80;5;Miraumont;80300;80549;50.1;2.733333
95;9;Marly-la-Ville;95670;95371;49.083333;2.5
95;7;Asničres-sur-Oise;95270;95026;49.133333;2.35
95;1;Bernes-sur-Oise;95340;95058;49.166667;2.3
95;7;Belloy-en-France;95270;95056;49.083333;2.383333
81;4;Labastide-Rouairoux;81270;81115;43.466667;2.65
80;5;Grandcourt;80300;80384;50.083333;2.716667
80;5;Bazentin;80300;80059;50.033333;2.766667
88;1;Doncičres;88700;88156;48.4;6.633333
2B;2;Pioggiola;20259;20235;42.533333;9
88;4;Totainville;88500;88476;48.333333;5.983333
88;1;Châtel-sur-Moselle;88330;88094;48.3;6.4
88;1;Deinvillers;88700;88127;48.416667;6.55
88;1;Ortoncourt;88700;88338;48.366667;6.516667
88;4;Avrainville;88130;88024;48.366667;6.216667
88;1;Ménarmont;88700;88298;48.416667;6.65
88;1;Oncourt;88150;88337;48.25;6.366667
88;1;Saint-Pierremont;88700;88432;48.433333;6.583333
88;4;Autreville;88300;88020;48.483333;5.85
88;4;Hergugney;88130;88239;48.383333;6.2
88;1;Ménil-sur-Belvitte;88700;88301;48.383333;6.7
88;4;Harmonville;88300;88232;48.483333;5.866667
88;4;Evaux-et-Ménil;88450;88166;48.333333;6.3
88;1;Clézentaine;88700;88110;48.416667;6.533333
88;1;Hardancourt;88700;88230;48.383333;6.566667
88;4;Marainville-sur-Madon;88130;88286;48.4;6.166667
90;2;Lepuix-Gy;90200;90065;47.766667;6.816667
88;1;Rehaincourt;88330;88379;48.366667;6.466667
88;1;Roville-aux-Chęnes;88700;88402;48.383333;6.6
88;1;Nossoncourt;88700;88333;48.4;6.666667
88;1;Dignonville;88000;88133;48.25;6.5
88;1;Saint-Benoît-la-Chipotte;88700;88412;48.366667;6.733333
88;1;Vaxoncourt;88330;88497;48.283333;6.416667
88;4;Bouxurulles;88130;88070;48.333333;6.233333
88;1;Bazien;88700;88042;48.416667;6.683333
90;2;Auxelles-Haut;90200;90006;47.75;6.766667
88;4;Portieux;88330;88355;48.35;6.35
90;2;Auxelles-Bas;90200;90005;47.733333;6.783333
88;4;Ubexy;88130;88480;48.333333;6.266667
88;1;Moriville;88330;88313;48.35;6.433333
88;1;Nomexy;88440;88327;48.3;6.383333
88;4;Langley;88130;88260;48.366667;6.333333
88;4;Chamagne;88130;88084;48.416667;6.283333
88;4;Pont-sur-Madon;88500;88354;48.366667;6.15
88;4;Blémerey;88500;88060;48.358333;6.05
88;4;Xaronval;88130;88529;48.383333;6.183333
90;2;Vescemont;90200;90102;47.75;6.85
90;2;Urcerey;90800;90098;47.6;6.8
5;1;Laragne-Montéglin;5300;5070;44;32
5;1;Sainte-Marie;5150;5150;44.466667;5.475
5;2;Ceillac;5600;5026;44.666667;6.775
88;1;Domptail;88700;88153;48.45;6.616667
90;2;Eloie;90300;90037;47.683333;6.866667
90;2;Bourg-sous-Châtelet;90110;90016;47.7;6.95
90;2;Anjoutey;90170;90003;47.7;6.933333
88;1;Haillainville;88330;88228;48.4;6.483333
88;1;Housseras;88700;88243;48.316667;6.716667
5;2;Névache;5100;5093;45.01955;6.6044
5;2;Villar-d'Aręne;5480;5181;45.04225;6.33711
68;1;Baltzenheim;68320;68019;48.083333;7.55
68;2;Ribeauvillé;68150;68269;48.2;7.316667
88;2;Lubine;88490;88275;48.316667;7.15
90;2;Lachapelle-sous-Rougemont;90360;90058;47.716667;7.016667
90;2;Leval;90110;90066;47.733333;6.983333
90;2;Giromagny;90200;90052;47.75;6.833333
90;1;Réchésy;90370;90081;47.5;7.116667
90;1;Chavannes-les-Grands;90100;90025;47.583333;7.05
90;2;Lamadeleine-Val-des-Anges;90170;90061;47.766667;6.916667
90;1;Larivičre;90150;90062;47.666667;7
90;2;Rougemont-le-Château;90110;90089;47.733333;6.966667
90;1;Lepuix-Neuf;90100;90064;47.533333;7.1
90;2;Grosmagny;90200;90054;47.716667;6.883333
68;2;Sainte-Marie-aux-Mines;68160;68298;48.25;7.183333
68;2;Beblenheim;68980;68023;48.15;7.333333
68;2;Kaysersberg;68240;68162;48.133333;7.25
68;2;Guémar;68970;68113;48.183333;7.4
68;2;Saint-Hippolyte;68590;68296;48.233333;7.366667
68;2;Ličpvre;68660;68185;48.266667;7.283333
68;2;Illhaeusern;68970;68153;48.183333;7.433333
68;1;Muntzenheim;68320;68227;48.1;7.466667
68;2;Sainte-Croix-aux-Mines;68160;68294;48.266667;7.216667
68;1;Fortschwihr;68320;68095;48.083333;7.45
68;1;Durrenentzen;68320;68076;48.083333;7.5
68;1;Houssen;68125;68146;48.116667;7.383333
68;2;Rombach-le-Franc;68660;68283;48.283333;7.266667
68;2;Zimmerbach;68230;68385;48.066667;7.233333
90;1;Vauthiermont;90150;90100;47.683333;7.033333
68;2;Fréland;68240;68097;48.166667;7.2
68;2;Lapoutroie;68650;68175;48.15;7.166667
68;2;Rodern;68590;68280;48.233333;7.35
68;2;Thannenkirch;68590;68335;48.233333;7.3
90;1;Suarce;90100;90095;47.566667;7.083333
68;2;Munster;68140;68226;48.05;7.133333
68;1;Holtzwihr;68320;68143;48.116667;7.416667
90;2;Vétrigne;90300;90103;47.666667;6.9
67;8;Engwiller;67350;67123;48.883333;7.616667
68;1;Geiswasser;68600;68104;47.966667;7.6
88;2;Mortagne;88600;88315;48.266667;6.75
6;5;Saint-Etienne-de-Tinée;6660;6120;44.258333;6.925
71;3;Chassey-le-Camp;71150;71109;46.883333;4.7
71;3;Morlet;71360;71322;46.95;4.516667
71;3;Saint-Gervais-sur-Couches;71490;71424;46.916667;4.583333
71;3;Reclesne;71540;71368;47.033333;4.266667
71;3;Créot;71490;71151;46.916667;4.616667
71;3;Saint-Léger-du-Bois;71360;71438;47.016667;4.45
89;2;Arthonnay;89740;89019;47.933333;4.216667
71;2;Vaudebarrier;71120;71562;46.416667;4.316667
71;3;Antully;71400;71010;46.9;4.416667
71;3;Igornay;71540;71237;47.05;4.383333
71;4;Saint-Julien-sur-Dheune;71210;71435;46.766667;4.533333
71;3;Dezize-lčs-Maranges;71150;71174;46.916667;4.65
71;3;Tintry;71490;71539;46.933333;4.5
89;2;Gigny;89160;89187;47.816667;4.3
71;3;Auxy;71400;71015;46.95;4.4
71;3;Epertully;71360;71188;46.933333;4.6
71;4;Marmagne;71710;71282;46.833333;4.35
71;4;Montceau-les-Mines;71300;71306;46.666667;4.366667
84;4;Lapalud;84840;84064;44.3;4.683333
89;2;Stigny;89160;89403;47.766667;4.233333
89;2;Sennevoy-le-Haut;89160;89386;47.8;4.283333
71;3;Change;21340;71085;46.933333;4.633333
71;3;Lucenay-l'Evęque;71540;71266;47.083333;4.25
71;3;Barnay;71540;71020;47.083333;4.333333
71;3;Saint-Firmin;71670;71413;46.833333;4.466667
71;3;Saint-Emiland;71490;71409;46.9;4.483333
84;4;Mondragon;84430;84078;44.233333;4.716667
71;3;Cheilly-lčs-Maranges;71150;71122;46.9;4.666667
71;3;Saisy;71360;71493;46.95;4.55
71;3;Saint-Sernin-du-Bois;71200;71479;46.833333;4.433333
71;3;Perreuil;71510;71347;46.816667;4.566667
84;4;Mornas;84550;84083;44.2;4.733333
8;2;Bogny-sur-Meuse;8120;8081;49;85
8;1;Chappes;8220;8102;49.608333;4.275
8;3;Williers;8110;8501;49.666667;5.3098
13;16;Saintes-Maries-de-la-Mer;13460;13096;43.45;4.425
8;2;Vireux-Wallerand;8320;8487;50.077839;4.72466
8;2;Landrichamps;8600;8247;50.083333;4.82864
8;2;Charnois;8600;8106;50.1;4.808
8;2;Chooz;8600;8122;50.1;4.80825
8;2;Hierges;8320;8226;50.1;4.74115
8;2;Foisches;8600;8175;50.125;4.775
8;2;Fromelennes;8600;8183;50.125;4.858333
38;7;Bourgoin-Jallieu;38300;38053;45;59
18;3;Saint-Amand-Montrond;18200;18197;46;72
9;1;Goulier;9220;9135;42;76
13;16;Mas-Blanc-des-Alpilles;13103;13057;43;79
84;2;Cavaillon;84300;84035;43;84
9;1;Bonac-Irazein;9800;9059;42;88
9;1;Soueix-Rogalle;9140;9299;42;89
58;3;Saint-Honoré-les-Bains;58360;58246;46;91
9;1;Saint-Lary;9800;9267;42;93
9;1;Villeneuve;9800;9335;42;94
11;3;Villefort;11230;11424;42;95
9;2;Esplas-de-Sérou;9420;9118;42;98
95;1;Haute-Isle;95780;95301;49.083333;1.666667
87;3;Les Grands-Chézeaux;87160;87074;46.35;1.4
82;1;Labastide-de-Penne;82240;82078;44.283333;1.6
87;3;Folles;87250;87067;46.116667;1.466667
87;4;Royčres;87400;87129;45.858333;1.433333
95;1;Omerville;95420;95462;49.133333;1.716667
95;1;Le Bellay-en-Vexin;95750;95054;49.15;1.883333
87;3;Saint-Amand-Magnazeix;87290;87133;46.183333;1.35
87;3;Bellac;87300;87011;46.116667;1.05
87;3;Saint-Symphorien-sur-Couze;87140;87184;46.05;1.233333
87;3;Le Dorat;87210;87059;46.216667;1.083333
87;3;Magnac-Laval;87190;87089;46.216667;1.166667
87;3;Châteauponsac;87290;87041;46.133333;1.283333
87;3;Verneuil-Moustiers;87360;87200;46.35;1.133333
87;2;Saint-Victurnien;87420;87185;45.883333;1
9;2;Fabas;9230;9120;43;11
24;4;Terrasson-Lavilledieu;24120;24547;45;13
9;2;Saint-Michel;9100;9271;43;14
9;2;Castex;9350;9084;43;17
9;2;Montaut;9700;9199;43;19
9;2;Mazčres;9270;9185;43;25
95;1;Wy-dit-Joli-Village;95420;95690;49.1;1.833333
95;1;Gadancourt;95450;95259;49.1;1.866667
95;1;Arronville;95810;95023;49.183333;2.1
95;1;Vallangoujard;95810;95627;49.133333;2.116667
95;1;Berville;95810;95059;49.183333;2.066667
95;1;Haravilliers;95640;95298;49.183333;2.05
95;1;Banthelu;95420;95046;49.133333;1.816667
95;1;Nucourt;95420;95459;49.166667;1.85
95;1;Magny-en-Vexin;95420;95355;49.15;1.783333
82;1;Loze;82160;82100;44.283333;1.8
95;1;Ambleville;95710;95011;49.15;1.7
87;3;Lauričre;87370;87083;46.083333;1.483333
95;1;Genainville;95420;95270;49.133333;1.75
87;4;La Croisille-sur-Briance;87130;87051;45.633333;1.583333
95;1;La Chapelle-en-Vexin;95420;95139;49.183333;1.733333
87;4;Roziers-Saint-Georges;87130;87130;45.75;1.55
95;1;Saint-Gervais;95420;95554;49.166667;1.766667
82;1;Nčgrepelisse;82800;82134;44.066667;1.516667
87;4;Moissannes;87400;87099;45.883333;1.566667
87;4;Saint-Laurent-les-Eglises;87340;87157;45.95;1.5
95;1;Saint-Clair-sur-Epte;95770;95541;49.2;1.683333
87;3;Lussac-les-Eglises;87360;87087;46.35;1.183333
95;1;Bray-et-Lű;95710;95101;49.133333;1.65
87;4;Sauviat-sur-Vige;87400;87190;45.9;1.616667
87;3;Saint-Georges-les-Landes;87160;87145;46.35;1.333333
95;1;La Roche-Guyon;95780;95523;49.083333;1.633333
87;3;Jouac;87890;87080;46.35;1.266667
87;4;Les Billanges;87340;87016;45.966667;1.533333
87;3;Cromac;87160;87053;46.35;1.3
87;3;Saint-Sulpice-les-Feuilles;87160;87182;46.316667;1.366667
87;3;Saint-Martin-le-Mault;87360;87165;46.366667;1.216667
87;3;Roussac;87140;87128;46.083333;1.2
87;3;Saint-Bonnet-de-Bellac;87300;87139;46.166667;0.95
87;3;Saint-Sornin-la-Marche;87210;87179;46.183333;0.983333
95;1;Commeny;95450;95169;49.116667;1.9
95;1;Chars;95750;95142;49.166667;1.933333
87;3;Saint-Hilaire-la-Treille;87190;87149;46.25;1.316667
87;3;Oradour-Saint-Genest;87210;87109;46.233333;1.033333
87;3;Blond;87300;87018;46.05;1.016667
9;1;Freychenet;9300;9126;42.908333;1.725
87;3;Bussičre-Poitevine;87320;87028;46.233333;0.916667
87;3;Thiat;87320;87196;46.266667;0.966667
87;2;Saint-Martin-de-Jussac;87200;87164;45.883333;0.933333
87;3;Saint-Ouen-sur-Gartempe;87300;87172;46.166667;1.066667
87;3;Arnac-la-Poste;87160;87003;46.266667;1.383333
95;1;Moussy;95640;95438;49.133333;1.916667
87;3;Bersac-sur-Rivalier;87370;87013;46.083333;1.416667
95;1;Neuilly-en-Vexin;95640;95447;49.166667;1.983333
87;3;La Bazeuge;87210;87008;46.25;1.1
87;3;Droux;87190;87061;46.166667;1.15
95;1;Us;95450;95625;49.1;1.966667
87;3;Tersannes;87360;87195;46.3;1.116667
95;1;Santeuil;95640;95584;49.133333;1.95
87;4;Saint-Martin-Terressus;87400;87167;45.916667;1.45
87;3;Saint-Léger-Magnazeix;87190;87160;46.283333;1.25
95;1;Persan;95340;95487;49.15;2.266667
95;7;Viarmes;95270;95652;49.133333;2.366667
95;1;Valmondois;95760;95628;49.1;2.2
86;3;Gençay;86160;86103;46;37
95;2;L'Isle-Adam;95290;95313;49.116667;2.233333
95;1;Hérouville;95300;95308;49.1;2.133333
95;1;Hédouville;95690;95304;49.15;2.166667
91;4;Limours en Hurepoix;91470;91338;48.65;2.083333
95;1;Bruyčres-sur-Oise;95820;95116;49.166667;2.316667
95;1;Ronquerolles;95340;95529;49.166667;2.216667
95;2;Boissy-l'Aillerie;95650;95078;49.066667;2.033333
95;1;Le Heaulme;95640;95303;49.166667;2
95;1;Bréançon;95640;95102;49.15;2.016667
95;1;Frouville;95690;95258;49.15;2.15
95;1;Nesles-la-Vallée;95690;95446;49.133333;2.183333
95;1;Champagne-sur-Oise;95660;95134;49.133333;2.25
95;1;Beaumont-sur-Oise;95260;95052;49.133333;2.283333
95;9;Le Plessis-Luzarches;95270;95493;49.1;2.45
92;8;Ville-d'Avray;92410;92077;48.825;2.191667
95;7;Seugy;95270;95594;49.116667;2.4
11;2;Coustouge;11220;11110;43.05;2.743
80;5;Villers-Carbonnel;80200;80801;49.866667;2.9
11;2;Fleury;11560;11145;43.22838;3.135
11;3;Fraisse-Cabardčs;11600;11156;43.325;2.275
12;2;Baraqueville;12160;12056;44;28
12;3;Campagnac;12560;12047;44;42
12;2;Aspričres;12700;12012;44;55
12;1;Saint-Hippolyte;12140;12226;44.708333;2.591667
86;4;Saint-Christophe;86230;86217;46.916667;0.366667
79;4;Moutiers-sous-Argenton;79150;79187;46.95;-0.383333
86;4;Sossais;86230;86265;46.85;0.383333
86;4;Sammarçolles;86200;86252;47.033333;0.15
86;4;Vézičres;86120;86287;47.083333;0.1
79;3;Louin;79600;79156;46.8;-0.166667
79;4;Pierrefitte;79330;79209;46.866667;-0.3
79;4;Argenton les Vallées;79150;79013;46.983333;-0.45
79;4;Genneton;79150;79132;47.05;-0.416667
79;3;Le Breuil-Bernard;79320;79051;46.716667;-0.55
85;5;Breuil-Barret;85120;85037;46.65;-0.683333
41;2;Romorantin-Lanthenay;41200;41194;47;36
85;5;Bourneau;85200;85033;46.55;-0.816667
85;4;La Verrie;85130;85302;46.966667;-1
85;4;Beaurepaire;85500;85017;46.916667;-1.083333
85;4;Treize-Vents;85590;85296;46.916667;-0.85
85;4;Saint-Mesmin;85700;85254;46.8;-0.733333
85;4;Tiffauges;85130;85293;47.016667;-1.1
85;4;Pouzauges;85700;85182;46.783333;-0.833333
85;5;Menomblet;85700;85141;46.733333;-0.716667
85;4;Bazoges-en-Paillers;85130;85013;46.9;-1.133333
85;2;Rochetrejoux;85510;85192;46.8;-0.983333
85;5;Nalliers;85370;85159;46.466667;-1.033333
85;4;Réaumur;85700;85187;46.716667;-0.8
85;4;Saint-Laurent-sur-Sčvre;85290;85238;46.95;-0.883333
79;4;Saint-Varent;79330;79299;46.883333;-0.233333
79;4;Argenton-l'Eglise;79290;79014;47.05;-0.266667
79;4;Chiché;79350;79088;46.8;-0.366667
79;4;Luché-Thouarsais;79330;79159;46.9;-0.333333
79;3;Pressigny;79390;79218;46.75;-0.1
85;4;La Pommeraie-sur-Sčvre;85700;85180;46.833333;-0.766667
85;4;Les Herbiers;85500;85109;46.866667;-1.016667
85;5;Benet;85490;85020;46.366667;-0.6
85;5;Saint-Hilaire-de-Voust;85120;85229;46.6;-0.666667
86;4;Pouançay;86120;86196;47.083333;-0.083333
79;4;Cersay;79290;79063;47.05;-0.35
79;4;Saint-Martin-de-Mâcon;79100;79274;47.016667;-0.116667
79;4;Sainte-Verge;79100;79300;47.016667;-0.216667
79;4;Etusson;79150;79113;47.016667;-0.516667
86;4;Berrie;86120;86022;47.066667;-0.066667
86;4;Morton;86120;86169;47.116667;-0.016667
85;4;Le Boupčre;85510;85031;46.8;-0.916667
85;5;Pouillé;85570;85181;46.516667;-0.95
79;3;Moncoutant;79320;79179;46.716667;-0.583333
85;5;Cheffois;85390;85067;46.666667;-0.783333
79;3;Villiers-en-Plaine;79160;79351;46.4;-0.533333
79;4;Saint-Martin-de-Sanzay;79290;79277;47.083333;-0.2
79;4;Bouillé-Loretz;79290;79043;47.083333;-0.283333
79;4;Glénay;79330;79134;46.866667;-0.25
79;4;Coulonges-Thouarsais;79330;79102;46.933333;-0.316667
79;4;Brion-prčs-Thouet;79290;79056;47.05;-0.183333
79;4;Saint-Aubin-du-Plain;79300;79238;46.933333;-0.483333
79;4;La Coudre;79150;79099;46.95;-0.466667
85;4;Saint-Malô-du-Bois;85590;85240;46.933333;-0.9
79;4;Boismé;79300;79038;46.783333;-0.433333
79;4;Courlay;79440;79103;46.783333;-0.566667
85;5;Faymoreau;85240;85087;46.55;-0.633333
86;4;Ranton;86200;86205;47;-0.033333
85;4;Malličvre;85590;85134;46.916667;-0.866667
85;4;Chambretaud;85500;85048;46.916667;-0.966667
85;5;La Chapelle-aux-Lys;85120;85053;46.633333;-0.65
79;4;Saint-Maurice-la-Fougereuse;79150;79280;47.033333;-0.5
86;4;Saint-Léger-de-Montbrillais;86120;86229;47.066667;-0.05
86;4;Beuxes;86120;86026;47.083333;0.183333
86;4;Saix;86120;86250;47.133333;-
85;4;Saint-Mars-la-Réorthe;85590;85242;46.866667;-0.933333
86;4;Sérigny;86230;86260;46.9;0.35
86;4;Messemé;86200;86156;47.016667;0.166667
86;4;Nueil-sous-Faye;86200;86181;46.966667;0.266667
86;4;Maulay;86200;86151;46.983333;0.216667
79;4;Tourtenay;79100;79331;47.033333;-0.133333
86;4;Basses;86200;86018;47.033333;0.116667
79;4;Ciričres;79140;79091;46.833333;-0.616667
79;3;Pougne-Hérisson;79130;79215;46.65;-0.4
86;4;Ceaux-en-Loudun;86200;86044;47.016667;0.233333
86;2;Chiré-en-Montreuil;86190;86074;46.65;0.133333
86;4;Colombiers;86490;86081;46.766667;0.433333
86;4;Lencloître;86140;86128;46.816667;0.333333
86;4;Bournand;86120;86036;47.083333;0.066667
85;5;Mervent;85200;85143;46.533333;-0.75
86;4;Roiffé;86120;86210;47.133333;0.05
86;4;Savigny-sous-Faye;86140;86257;46.866667;0.283333
86;4;Saint-Gervais-les-Trois-Clochers;86230;86224;46.9;0.416667
79;4;Saint-Cyr-la-Lande;79100;79244;47.05;-0.15
86;4;Craon;86110;86087;46.783333;0.033333
86;4;Coussay;86110;86085;46.833333;0.2
86;4;Saint-Jean-de-Sauves;86330;86225;46.833333;0.083333
86;4;Prinçay;86420;86201;46.933333;0.25
86;4;Cernay;86140;86047;46.833333;0.3
86;4;Orches;86230;86182;46.883333;0.316667
86;4;Les Trois-Moutiers;86120;86274;47.066667;0.016667
85;5;Saint-Pierre-du-Chemin;85120;85264;46.683333;-0.7
86;1;Saint-Georges-lčs-Baillargeaux;86130;86222;46.666667;0.4
85;4;Saint-Martin-des-Tilleuls;85130;85247;46.983333;-1.05
85;4;La Gaubretičre;85130;85097;46.95;-1.066667
15;2;Saint-Georges;15100;15188;45.01965;3.12792
86;1;Archigny;86210;86009;46.666667;0.65
16;2;Lachaise;16300;16176;45.533333;-0.241667
86;4;Mondion;86230;86162;46.933333;0.483333
86;4;Usseau;86230;86275;46.866667;0.5
86;4;Leigné-sur-Usseau;86230;86127;46.916667;0.466667
86;4;Thuré;86540;86272;46.833333;0.45
86;4;Vaux-sur-Vienne;86220;86279;46.9;0.55
86;4;Ingrandes;86220;86111;46.866667;0.566667
86;4;Saint-Sauveur;86100;86245;46.8;0.616667
86;1;Bellefonds;86210;86020;46.633333;0.583333
87;2;Les Salles-Lavauguyon;87440;87189;45.75;0.7
86;4;Oyré;86220;86186;46.866667;0.633333
87;2;Videix;87600;87204;45.783333;0.733333
86;4;Saint-Rémy-sur-Creuse;86220;86241;46.95;0.683333
87;2;Saint-Mathieu;87440;87168;45.7;0.766667
86;4;Vellčches;86230;86280;46.983333;0.516667
86;3;Lussac-les-Châteaux;86320;86140;46.4;0.716667
86;3;Paizay-le-Sec;86300;86187;46.583333;0.783333
16;3;Brigueuil;16420;16064;45.95308;0.85879
16;3;Montrollet;16420;16231;45.98109;0.89509
86;4;Antran;86100;86007;46.85;0.533333
86;4;Buxeuil;37160;86042;46.966667;0.666667
17;4;Vibrac;17130;17468;45.358333;-0.341667
85;4;Les Landes-Genusson;85130;85119;46.966667;-1.116667
85;1;Sainte-Florence;85140;85212;46.8;-1.15
85;4;La Bruffičre;85530;85039;47.016667;-1.2
85;4;Montaigu;85600;85146;46.983333;-1.316667
85;2;Saint-Cyr-en-Talmondais;85540;85206;46.45;-1.333333
17;2;Ile-d'Aix;17123;17004;46.016667;-1.175
85;4;Boufféré;85600;85027;46.966667;-1.35
85;1;L'Herbergement;85260;85108;46.916667;-1.383333
85;4;Saint-Georges-de-Montaigu;85600;85217;46.95;-1.3
85;4;La Bernardičre;85610;85021;47.05;-1.266667
85;2;Bournezeau;85480;85034;46.633333;-1.166667
50;2;Saint-Jean-du-Corail;50140;50494;48.608333;-0.908333
85;2;Nesmy;85310;85160;46.583333;-1.4
85;1;Dompierre-sur-Yon;85170;85081;46.733333;-1.366667
85;1;Saint-Philbert-de-Bouaine;85660;85262;46.983333;-1.516667
17;1;Loix;17111;17207;46.2235;-1.43794
17;1;Saint-Clément-des-Baleines;17590;17318;46.225;-1.541667
18;3;Chavannes;18190;18063;46.85;2.375
18;2;Lazenay;18120;18124;47.075;2.058333
18;2;Saint-Outrille;18310;18228;47.1439;1.8409
21;4;Semur-en-Auxois;21140;21603;47;49
21;4;Le Meix;21580;21400;47.6;4.941667
21;4;Gevrolles;21520;21296;47.983333;4.7805
21;4;Autricourt;21570;21034;47.99658;4.61977
21;4;Grancey-sur-Ource;21570;21305;48.0074;4.58666
58;2;Cosne-Cours-sur-Loire;58200;58086;47;41
62;4;Montreuil;62170;62588;50;46
56;3;Treffléan;56250;56255;47.683333;-2.616667
56;4;Cruguel;56420;56051;47.883333;-2.6
56;4;Les Forges;56120;56059;48.016667;-2.65
56;3;Rohan;56580;56198;48.066667;-2.766667
56;4;Mohon;56490;56134;48.05;-2.533333
56;3;Buléon;56420;56027;47.933333;-2.7
56;4;Monterrein;56800;56138;47.883333;-2.35
56;3;Kerfourn;56920;56092;48.033333;-2.833333
56;3;Réguiny;56500;56190;47.966667;-2.75
22;5;Coatascorn;22140;22041;48.666667;-3.25
22;5;Camlez;22450;22028;48.783333;-3.3
85;3;La Guériničre;85680;85106;46.966667;-2.233333
56;2;Plumergat;56400;56175;47.75;-2.916667
56;6;Silfiac;56480;56245;48.15;-3.15
22;5;Pleumeur-Bodou;22560;22198;48.766667;-3.516667
56;4;Evriguet;56490;56056;48.083333;-2.416667
56;6;Neulliac;56300;56146;48.133333;-2.983333
56;3;Grand-Champ;56390;56067;47.766667;-2.85
56;4;Mauron;56430;56127;48.083333;-2.3
56;2;Sauzon;56360;56241;47.366667;-3.216667
56;2;La Trinité-sur-Mer;56470;56258;47.583333;-3.033333
56;2;Plougoumelen;56400;56167;47.65;-2.933333
56;3;Gueltas;56920;56072;48.1;-2.8
56;6;Berné;56240;56014;48;-3.4
56;2;Nostang;56690;56148;47.75;-3.183333
56;6;Langonnet;56630;56100;48.1;-3.5
56;3;Saint-Gérand;56920;56213;48.1;-2.883333
56;4;Brignac;56430;56025;48.116667;-2.383333
56;4;Taupont;56800;56249;47.95;-2.433333
56;3;Melrand;56310;56128;47.983333;-3.116667
56;6;Gestel;56830;56063;47.8;-3.45
56;6;Calan;56240;56029;47.866667;-3.316667
56;2;Locoal-Mendon;56550;56119;47.716667;-3.1
56;4;Saint-Léry;56430;56225;48.083333;-2.25
56;4;Guilliers;56490;56080;48.05;-2.4
56;4;La Trinité-Porhoët;56710;56257;48.1;-2.55
56;2;Camors;56330;56031;47.85;-3
85;3;Notre-Dame-de-Monts;85690;85164;46.833333;-2.15
56;4;Beignon;56380;56012;47.966667;-2.166667
56;3;Elven;56250;56053;47.733333;-2.583333
56;1;Theix;56450;56251;47.633333;-2.666667
56;3;Remungol;56500;56192;47.933333;-2.9
56;3;Guéhenno;56420;56071;47.9;-2.633333
56;3;Radenac;56500;56189;47.966667;-2.716667
56;6;Cléguérec;56480;56041;48.116667;-3.083333
56;1;Muzillac;56190;56143;47.55;-2.483333
56;6;Priziac;56320;56182;48.066667;-3.416667
56;6;Langoëlan;56160;56099;48.116667;-3.233333
56;4;La Chapelle-Gaceline;56200;56038;47.783333;-2.1
85;3;Bouin;85230;85029;46.966667;-2
56;4;Saint-Servant-sur-Oust;56120;56236;47.916667;-2.516667
56;3;Saint-Thuriau;56300;56237;48.016667;-2.95
22;2;Saint-Cast-le-Guildo;22380;22282;48.633333;-2.266667
44;7;Sévérac;44530;44196;47.533333;-2.083333
56;4;Saint-Brieuc-de-Mauron;56430;56208;48.083333;-2.366667
56;3;Croixanvec;56920;56049;48.133333;-2.866667
56;6;Malguénac;56300;56125;48.083333;-3.05
56;6;Persquen;56160;56156;48.033333;-3.166667
29;8;Locunolé;29310;29136;47.933333;-3.483333
44;7;Saint-Gildas-des-Bois;44530;44161;47.516667;-2.033333
56;6;Kergrist;56300;56093;48.15;-2.966667
56;4;La Croix-Helléan;56120;56050;47.95;-2.5
56;3;Pleugriffet;56120;56160;47.983333;-2.683333
56;6;Lignol;56160;56110;48.033333;-3.266667
85;3;La Barre-de-Monts;85550;85012;46.883333;-2.133333
85;3;Beauvoir-sur-Mer;85230;85018;46.916667;-2.05
85;3;Barbâtre;85630;85011;46.95;-2.183333
85;3;Saint-Gervais;85230;85221;46.9;-2.016667
85;3;Saint-Hilaire-de-Riez;85270;85226;46.716667;-1.95
56;5;Ploemeur;56270;56162;47.733333;-3.433333
44;7;Avessac;44460;44007;47.65;-1.983333
56;4;Tréal;56140;56253;47.833333;-2.216667
85;3;Saint-Jean-de-Monts;85160;85234;46.783333;-2.066667
56;4;Néant-sur-Yvel;56430;56145;48.016667;-2.333333
56;6;Quistinic;56310;56188;47.916667;-3.133333
56;3;Saint-Gonnery;56920;56215;48.116667;-2.816667
22;3;Saint-Carreuc;22150;22281;48.4;-2.733333
85;1;Sallertaine;85300;85280;46.85;-1.966667
56;4;Le Roc-Saint-André;56460;56197;47.866667;-2.45
56;6;Lanvénégen;56320;56105;48;-3.55
56;2;Landaul;56690;56096;47.75;-3.066667
56;4;Guer;56380;56075;47.9;-2.116667
56;6;Plouay;56240;56166;47.916667;-3.333333
56;4;Guégon;56120;56070;47.933333;-2.566667
56;3;Locmaria-Grand-Champ;56390;56115;47.75;-2.783333
22;1;Yffiniac;22120;22389;48.483333;-2.675
56;4;Caro;56140;56035;47.866667;-2.316667
56;6;Plouray;56770;56170;48.15;-3.383333
56;6;Le Saint;56110;56201;48.083333;-3.566667
56;4;Tréhorenteuc;56430;56256;48.016667;-2.283333
56;6;Ploërdut;56160;56163;48.083333;-3.283333
29;8;Querrien;29310;29230;47.966667;-3.533333
56;6;Saint-Aignan;56480;56203;48.183333;-3.016667
56;6;Guémené-sur-Scorff;56160;56073;48.066667;-3.2
29;4;Plouégat-Moysan;29650;29183;48.566667;-3.616667
56;5;Groix;56590;56069;47.633333;-3.466667
56;4;Ménéac;56490;56129;48.15;-2.466667
29;4;Le Ponthou;29650;29219;48.566667;-3.633333
56;5;Lorient;56100;56121;47.75;-3.366667
56;6;Saint-Caradec-Trégomel;56540;56210;48.033333;-3.35
78;3;Le Chesnay;78150;78158;48.825;2.125
23;2;Croze;23500;23071;45.816667;2.158333
87;3;Gajoubert;87330;87069;46.116667;0.833333
24;2;Vergt-de-Biron;24540;24572;44.633333;0.841667
86;3;Angles-sur-l'Anglin;86260;86004;46.7;0.883333
87;2;Saint-Junien;87200;87154;45.883333;0.9
87;3;Saint-Martial-sur-Isop;87330;87163;46.166667;0.85
86;4;Les Ormes;86220;86183;46.966667;0.6
87;2;Vayres;87600;87199;45.75;0.8
87;2;Chaillac-sur-Vienne;87200;87030;45.883333;0.866667
87;2;Saillat-sur-Vienne;87720;87131;45.866667;0.816667
24;2;Gageac-et-Rouillac;24240;24193;44.8;0.341667
76;6;Grand-Camp;76170;76318;49.558333;0.591667
24;2;Monfaucon;24130;24277;44.916667;0.241667
87;2;Chéronnac;87600;87044;45.766667;0.75
25;5;Les Villedieu;25240;25619;46.725;6.241667
25;5;Rondefontaine;25240;25501;46.7328;6.18133
25;5;Gellin;25240;25263;46.74165;6.251498
25;5;Brey-et-Maison-du-Bois;25240;25096;46.74197;6.2517
25;5;Longevilles-Mont-d'Or;25370;25348;46.75;6.2931
88;4;Socourt;88130;88458;48.4;6.25
88;4;Essegney;88130;88163;48.366667;6.316667
88;1;Damas-aux-Bois;88330;88121;48.4;6.45
25;2;Braillans;25640;25086;47.3088;6.09182
27;1;Chennebrun;27820;27155;48.67941;0.7835
27;1;Armentičres-sur-Avre;27820;27019;48.67957;0.7847
27;1;Corneuil;27240;27172;48.883333;1.141667
27;1;Le Cormier;27120;27171;48.975;1.308333
46;1;Lherm;46150;46171;44.566667;1.241667
27;1;Guichainville;27930;27306;48.983333;1.191667
27;2;Brétigny;27800;27113;49.216667;0.675
27;3;Rougemontiers;27350;27497;49.358333;0.725
29;4;Santec;29250;29273;48.7;-4.033333
29;4;Cléder;29233;29030;48.666667;-4.1
29;5;Le Folgoët;29260;29055;48.566667;-4.333333
29;4;Plounéour-Ménez;29410;29202;48.45;-3.883333
29;4;Guerlesquin;29650;29067;48.516667;-3.583333
29;5;Plounévez-Lochrist;29430;29206;48.616667;-4.216667
29;5;Tréflez;29430;29287;48.616667;-4.266667
29;6;Collorec;29530;29036;48.283333;-3.783333
29;5;Plouescat;29430;29185;48.666667;-4.166667
29;5;Trégarantec;29260;29288;48.55;-4.283333
29;4;Guimaëc;29620;29073;48.666667;-3.7
56;6;Gourin;56110;56066;48.133333;-3.6
29;4;Garlan;29610;29059;48.6;-3.75
29;6;La Feuillée;29690;29054;48.4;-3.85
29;4;Plouzévédé;29440;29213;48.6;-4.116667
29;4;Carantec;29660;29023;48.666667;-3.916667
29;5;Plougar;29440;29187;48.566667;-4.15
29;4;Sibiril;29250;29276;48.666667;-4.066667
29;4;Mespaul;29420;29148;48.616667;-4.016667
29;4;Saint-Martin-des-Champs;29600;29254;48.583333;-3.833333
29;4;Roscoff;29680;29239;48.733333;-3.983333
29;5;Kerlouan;29890;29091;48.65;-4.366667
29;5;Brignogan-Plages;29890;29021;48.666667;-4.316667
29;5;Goulven;29890;29064;48.633333;-4.3
29;4;Henvic;29670;29079;48.633333;-3.933333
29;5;Saint-Derrien;29440;29244;48.55;-4.183333
29;5;Guissény;29880;29077;48.633333;-4.416667
29;5;Tréglonou;29870;29290;48.55;-4.533333
29;5;Landéda;29870;29101;48.583333;-4.566667
29;3;Saint-Renan;29290;29260;48.433333;-4.616667
29;3;Plabennec;29860;29160;48.5;-4.433333
29;7;Plogoff;29770;29168;48.033333;-4.666667
29;3;Lampaul-Ploudalmézeau;29830;29099;48.566667;-4.65
29;3;Plouguin;29830;29196;48.533333;-4.6
29;5;Lanhouarneau;29430;29111;48.583333;-4.2
29;5;Trémaouézan;29800;29295;48.5;-4.25
29;4;Plougoulm;29250;29192;48.666667;-4.05
29;5;Lannilis;29870;29117;48.566667;-4.516667
29;4;Plouénan;29420;29184;48.633333;-4
29;4;Locquénolé;29670;29132;48.616667;-3.866667
29;5;Pencran;29800;29156;48.433333;-4.233333
29;4;Saint-Vougay;29440;29271;48.6;-4.133333
29;4;Guiclan;29410;29068;48.55;-3.966667
29;6;Châteauneuf-du-Faou;29520;29027;48.183333;-3.816667
29;4;Trézilidé;29440;29301;48.616667;-4.083333
29;4;Taulé;29670;29279;48.6;-3.9
56;6;Roudouallec;56110;56199;48.125;-3.716667
29;4;Plouégat-Guerrand;29620;29182;48.616667;-3.666667
29;6;Plouyé;29690;29211;48.316667;-3.733333
29;5;Kernouës;29260;29094;48.583333;-4.35
29;3;Brest;29200;29019;48.4;-4.483333
29;2;Gouesnou;29850;29061;48.45;-4.466667
29;4;Saint-Thégonnec;29410;29266;48.516667;-3.95
29;6;Roscanvel;29570;29238;48.316667;-4.55
56;6;Guiscriff;56560;56081;48.05;-3.65
29;3;Brélčs;29810;29017;48.483333;-4.716667
29;3;Porspoder;29840;29221;48.5;-4.766667
29;3;Landunvez;29840;29109;48.533333;-4.733333
29;3;Loc-Brévalaire;29260;29126;48.55;-4.4
29;6;Scrignac;29640;29275;48.433333;-3.683333
29;3;Lanildut;29840;29112;48.483333;-4.75
29;4;Plougasnou;29630;29188;48.7;-3.8
29;5;Plouguerneau;29880;29195;48.6;-4.5
29;3;Plouvien;29860;29209;48.533333;-4.45
29;5;Saint-Frégant;29260;29248;48.6;-4.383333
29;4;Saint-Jean-du-Doigt;29630;29251;48.7;-3.766667
30;2;Le Grau-du-Roi;30240;30133;43.533333;4.141667
30;2;Aigues-Mortes;30220;30003;43.566667;4.191667
30;5;Vissec;30770;30353;43.9;3.459
30;5;Alzon;30770;30009;43.966667;3.44004
30;5;Causse-Bégon;30750;30074;44.058333;3.358333
30;5;Dourbies;30750;30105;44.066667;3.4463
30;5;Trčves;30750;30332;44.075;3.391667
51;6;Olizy;51700;51414;49.15;3.758333
30;4;Malons-et-Elze;30450;30153;44.4176;4.02343
31;6;Lévignac;31530;31297;43;67
69;13;Meyzieu;69330;69282;45;77
82;1;Saint-Projet;82160;82172;44.308333;1.791667
31;7;Roques;31120;31458;43.508333;1.375
32;2;Labarrčre;32250;32168;43.958333;0.141667
33;8;Lucmau;33840;33255;44.341667;-0.308333
33;8;Grignols;33690;33195;44.391667;-0.041667
33;9;Fargues;33210;33164;44.533333;-0.275
33;8;La Teste-de-Buch;33260;33529;44.6343;-1.13704
33;8;Arcachon;33120;33009;44.65889;-1.16355
33;10;Landerrouat;33790;33223;44.74196;0.15898
33;8;Arčs;33740;33011;44.7671;-1.1394
33;10;Saint-Avit-de-Soulčge;33220;33377;44.808333;0.125
33;10;Sainte-Radegonde;33350;33468;44.841667;-0.025
33;5;Le Porge;33680;33333;44.866667;-1.091
33;5;Lacanau;33680;33214;44.983333;-1.079
33;11;Saint-André-de-Cubzac;33240;33366;44.991667;-0.441667
33;11;Cubnezais;33620;33142;45.075;-0.408333
33;5;Talais;33590;33521;45.475;-1.058333
33;5;Vensac;33590;33541;45.4;-1.041667
33;5;Jau-Dignac-et-Loirac;33590;33208;45.40757;-0.95581
34;3;Saint-Brčs;34670;34244;43.666667;4.025
85;1;Palluau;85670;85169;46.8;-1.616667
85;3;Commequiers;85220;85071;46.766667;-1.85
85;1;Saint-Paul-Mont-Penit;85670;85260;46.8;-1.666667
64;5;Bayonne;64100;64102;43.483333;-1.483333
85;4;Cugand;85610;85076;47.066667;-1.25
85;1;Belleville-sur-Vie;85170;85019;46.783333;-1.433333
85;3;Château-d'Olonne;85180;85060;46.5;-1.733333
85;3;Landevieille;85220;85120;46.633333;-1.816667
85;1;Challans;85300;85047;46.85;-1.883333
85;1;Maché;85190;85130;46.75;-1.683333
64;5;Anglet;64600;64024;43.483333;-1.533333
85;1;La Garnache;85710;85096;46.883333;-1.833333
50;4;Gréville-Hague;50440;50220;49.666667;-1.8
85;2;Landeronde;85150;85118;46.666667;-1.566667
85;2;Péault;85320;85171;46.5;-1.216667
85;1;Saint-Etienne-du-Bois;85670;85210;46.833333;-1.6
85;3;L'Ile-d'Olonne;85340;85112;46.566667;-1.783333
85;1;Les Lucs-sur-Boulogne;85170;85129;46.833333;-1.5
85;2;Saint-Vincent-sur-Jard;85520;85278;46.416667;-1.55
85;1;Mouilleron-le-Captif;85000;85155;46.716667;-1.45
85;1;Froidfond;85300;85095;46.866667;-1.75
85;2;Sainte-Flaive-des-Loups;85150;85211;46.616667;-1.583333
85;4;Treize-Septiers;85600;85295;46.983333;-1.233333
44;9;Frossay;44320;44061;47.25;-1.933333
85;1;Saint-André-Treize-Voies;85260;85197;46.933333;-1.416667
85;2;Saint-Julien-des-Landes;85150;85236;46.633333;-1.716667
85;3;Bretignolles-sur-Mer;85470;85035;46.633333;-1.866667
85;1;Grand'Landes;85670;85102;46.816667;-1.65
64;5;Urt;64240;64546;43.5;-1.283333
85;1;Falleron;85670;85086;46.883333;-1.7
85;2;La Boissičre-des-Landes;85430;85026;46.566667;-1.466667
85;4;La Boissičre-de-Montaigu;85600;85025;46.95;-1.183333
35;3;Le Verger;35160;35351;48.06958;-1.93374
85;1;Bois-de-Céné;85710;85024;46.933333;-1.9
85;1;Saint-Christophe-du-Ligneron;85670;85204;46.833333;-1.766667
85;1;Châteauneuf;85710;85062;46.916667;-1.916667
56;4;Concoret;56430;56043;48.066667;-2.2
50;5;Tollevast;50470;50599;49.566667;-1.633333
36;2;Saint-Plantaire;36190;36207;46.458333;1.675
37;3;Tournon-Saint-Pierre;37290;37259;46.73718;0.95367
38;9;Rencurel;38680;38333;45.1;5.4722
38;8;Saint-Barthélemy;38270;38363;45.35;5.075
39;2;Saint-Laurent-en-Grandvaux;39150;39487;46;58
39;2;Bois-d'Amont;39220;39059;46.533333;6.1315
40;1;Moustey;40410;40200;44.35857;-0.76167
40;1;Argelouse;40430;40008;44.36596;-0.64616
40;1;Saugnacq-et-Muret;40410;40295;44.408333;-0.825
61;3;Montsecret;61800;61292;48.8;-0.675
40;1;Sanguinet;40460;40287;44.483333;-1.075
59;12;Grand-Fort-Philippe;59153;59272;51;2.108333
41;2;Theillay;41300;41256;47.316667;2.04029
41;2;Nouan-le-Fuzelier;41600;41161;47.54489;2.03628
92;8;Vaucresson;92420;92076;48.833333;2.175
41;2;Vouzon;41600;41296;47.65;2.0593
41;3;Beauvilliers;41290;41015;47.841667;1.258333
42;4;Malleval;42520;42132;45.383333;4.725
42;6;Saint-Cyr-de-Valorges;42114;42213;45.891667;4.308333
43;1;Champclause;43260;43053;45.025;4.175
43;2;Ally;43380;43006;45.158333;3.308333
43;2;Mercoeur;43100;43133;45.19176;3.29335
43;2;Fontannes;43100;43096;45.291667;3.425
43;2;Beaumont;43100;43022;45.316667;3.34239
43;2;Saint-Hilaire;43390;43193;45.3807;3.43899
43;2;Lempdes-sur-Allagnon;43410;43120;45.385;3.2721
44;6;Les Touches;44390;44205;47.441667;-1.425
81;3;Murat-sur-Včbre;81320;81192;43.683333;2.858333
46;1;Valroufié;46090;46327;44.516667;1.491667
46;1;Maxou;46090;46188;44.541667;1.441667
46;1;Saint-Caprais;46250;46250;44.608333;1.158333
48;1;Villefort;48800;48198;44;44
48;1;Rieutort-de-Randon;48700;48127;44;64
48;1;Saint-Denis-en-Margeride;48700;48145;44;74
48;2;Saint-Saturnin;48500;48181;44.408333;3.191667
49;4;Chacé;49400;49060;47.21435;-0.07179
50;2;Saint-Georges-de-Rouelley;50720;50474;48.60291;-0.77024
50;3;Agon-Coutainville;50230;50003;49.041667;-1.575
50;4;Le Mesnil;50580;50299;49.366667;-1.691667
50;4;L'Etang-Bertrand;50260;50176;49.466667;-1.558333
50;4;Jobourg;50440;50257;49.683333;-1.90375
50;4;Saint-Germain-des-Vaux;50440;50477;49.71269;-1.92054
50;4;Auderville;50440;50020;49.71358;-1.93104
51;5;Givry-lčs-Loisy;51130;51273;48.891667;3.908333
51;2;Les Petites-Loges;51400;51428;49.133333;4.225
51;4;Malmy;51800;51341;49.175;4.808333
54;4;Xousse;54370;54600;48.658333;6.708333
54;6;Chambley-Bussičres;54890;54112;49.05;5.898
56;2;Bangor;56360;56009;47.316667;-3.189
56;2;Crach;56950;56046;47.616667;-3.008333
56;6;Locmalo;56160;56113;48.075;-3.191667
90;1;Chavanatte;90100;90024;47.583333;7.066667
68;1;Wolfgantzen;68600;68379;48.033333;7.516667
68;1;Vogelgrun;68600;68351;48.016667;7.566667
68;4;Huningue;68330;68149;47.6;7.583333
68;1;Grussenheim;68320;68110;48.133333;7.483333
58;2;Saint-Laurent l'Abbaye;58150;58248;47.341667;2.991667
59;2;Villeneuve-d'Ascq;59491;59009;50.683333;3.141667
60;4;Ognes;60440;60473;49.1;2.825
61;2;Corbon;61400;61118;48.45;0.625
61;1;Saint-Brice;61700;61370;48.558333;-0.641667
61;2;Beaulieu;61190;61034;48.683333;0.741667
61;2;Couvains;61550;61136;48.858333;0.558333
62;1;Wailly;62217;62869;50.241667;2.725
63;3;Perpezat;63210;63274;45.683333;2.775
62;3;Ecoivres;62270;62283;50.325;2.291667
62;3;Maisoncelle;62310;62541;50.441667;2.141667
63;5;La Chaulme;63660;63104;45.466667;3.94464
63;5;Saint-Just;63600;63371;45.466667;3.791667
63;6;Aubiat;63260;63013;45.9785;3.16927
63;6;Montaigut;63700;63233;46.183333;2.808333
64;4;Urdos;64490;64542;42.875;-0.558333
64;4;Etsaut;64490;64223;42.908333;-0.575
64;4;Lescun;64490;64336;42.933333;-0.591667
64;4;Eaux-Bonnes;64440;64204;42.975;-0.391667
64;6;Biriatou;64700;64130;43.333333;-1.741667
64;6;Hendaye;64700;64260;43.358333;-1.775
64;2;Monségur;64460;64395;43.4318;-0.01679
65;2;Gavarnie;65120;65188;42.733333;-0.008333
65;1;Aragnouet;65170;65017;42.791667;0.225
65;1;Tramezaďgues;65170;65450;42.8;0.291667
65;2;Estaing;65400;65169;42.941667;-0.175
65;1;Montégut;65150;65319;43.066667;0.508333
76;6;La Frénaye;76170;76281;49.525;0.575
65;3;Castelnau-Rivičre-Basse;65700;65130;43.583333;-0.03127
65;3;Saint-Lanne;65700;65387;43.591667;-0.058333
66;2;Canet-en-Roussillon;66140;66037;42;71
67;8;Rott;67160;67416;49.016667;7.9
67;8;Niederbronn-les-Bains;67110;67324;48.95;7.633333
67;8;Preuschdorf;67250;67379;48.95;7.8
67;8;Wissembourg;67160;67544;49.033333;7.95
67;8;Obersteinbach;67510;67353;49.033333;7.683333
68;1;Artzenheim;68320;68009;48.116667;7.533333
67;8;Uttenhoffen;67110;67502;48.883333;7.65
67;8;Reichshoffen;67110;67388;48.933333;7.666667
67;9;Ohlungen;67590;67359;48.816667;7.7
67;8;Niedersteinbach;67510;67334;49.033333;7.716667
67;5;Le Hohwald;67140;67210;48.40352;7.32448
67;8;Woerth;67360;67550;48.933333;7.75
67;8;Langensoultzbach;67360;67259;48.966667;7.733333
67;8;Merkwiller-Pechelbronn;67250;67290;48.933333;7.833333
67;8;Climbach;67510;67075;49.016667;7.85
67;8;Keffenach;67250;67232;48.966667;7.883333
67;8;Dieffenbach-lčs-Woerth;67360;67093;48.933333;7.783333
67;8;Schoenenbourg;67250;67455;48.95;7.916667
67;8;Wingen;67510;67537;49.033333;7.816667
67;8;Memmelshoffen;67250;67288;48.966667;7.866667
67;8;Aschbach;67250;67012;48.933333;7.983333
67;8;Siegen;67160;67466;48.95;8.05
67;9;Rountzenheim;67480;67418;48.816667;8
67;8;Trimbach;67470;67494;48.933333;8.016667
67;8;Beinheim;67930;67025;48.866667;8.083333
67;8;Schleithal;67160;67451;48.983333;8.033333
67;8;Oberroedern;67250;67349;48.916667;7.966667
67;8;Salmbach;67160;67432;48.983333;8.066667
67;8;Niederlauterbach;67630;67327;48.966667;8.1
67;8;Goersdorf;67360;67160;48.95;7.766667
67;8;Mothern;67470;67305;48.933333;8.15
67;8;Munchhausen;67470;67308;48.9334;8.1516
67;8;Steinseltz;67160;67479;49.016667;7.933333
67;8;Lauterbourg;67630;67261;48.97529;8.17583
67;8;Scheibenhard;67630;67443;48.983333;8.133333
68;3;Bouxwiller;68480;68049;47.508333;7.341667
69;7;Rillieux-la-Pape;69140;69286;45;82
69;13;Colombier-Saugnieu;69124;69299;45.71243;5.1116
69;13;Jons;69330;69280;45.8077;5.07919
70;1;Percey-le-Grand;70600;70406;47.60966;5.38949
71;2;Vitry-en-Charollais;71600;71588;46.45479;4.05953
71;6;Saint-Martin-du-Mont;71580;71454;46.616667;5.291667
71;2;Vitry-sur-Loire;71140;71589;46.683333;3.7084
71;6;Beauvernois;71270;71028;46.833333;5.4385
71;3;Brion;71190;71062;46.908333;4.208333
72;4;Le Bailleul;72200;72022;47.766667;-0.158333
72;4;Tassé;72430;72347;47.88937;-0.13678
73;3;Valloire;73450;73306;45.165;6.4262
73;3;Bessans;73480;73040;45.316667;6.991667
73;2;La Perričre;73120;73198;45.45;6.591667
73;3;La Rochette;73110;73215;45.458333;6.108333
83;5;Châteauvieux;83840;83040;43.775;6.575
73;1;Motz;73310;73180;45.9207;5.84684
74;5;Villard;74420;74301;46.216667;6.441667
88;3;Saint-Maurice-sur-Moselle;88560;88426;47.866667;6.791667
76;9;Houquetot;76110;76368;49.608333;0.391667
77;1;Saint-Fargeau-Ponthierry;77310;77407;48;53
77;2;La Madeleine-sur-Loing;77570;77267;48.2;2.7031
78;10;Paray-Douaville;78660;78478;48.466667;1.875
78;10;Ablis;78660;78003;48.516667;1.841667
78;10;Sainte-Mesme;78730;78569;48.52988;1.95604
82;1;Saint-Georges;82240;82162;44.225;1.641667
78;9;Tilly;78790;78618;48.883333;1.575
78;9;Perdreauville;78200;78484;48.958333;1.625
79;4;Mauléon;79700;79079;46;92
79;2;Fressines;79370;79129;46.325;-0.291667
80;6;Saint-Mard;80700;80708;49.691667;2.758333
80;5;Offoy;80400;80605;49.758333;3.008333
80;4;Conteville;80370;80208;50.175;2.075
80;4;Fort-Mahon-Plage;80790;80333;50.341944;1.569722
81;3;Navčs;81710;81195;43.566667;2.225
81;4;Belcastel;81500;81025;43.65;1.758333
81;3;Nages;81320;81193;43.67555;2.77966
81;3;Moulin-Mage;81320;81188;43.71127;2.80464
81;3;Barre;81320;81023;43.75124;2.82714
81;2;Grazac;81800;81106;43.84322;1.6562
81;2;Tauriac;81630;81293;43.883333;1.591667
81;1;Les Cabannes;81170;81045;44.066667;1.941667
82;1;Laguépie;82250;82088;44;15
82;2;Montgaillard;82120;82129;43.933333;0.875
82;2;Marsac;82120;82104;43.941667;0.825
82;1;Montastruc;82130;82120;44.1;1.291667
82;2;Brassac;82190;82024;44.216667;0.975
83;5;Fréjus;83600;83061;43;43
83;6;Saint-Martin;83560;83114;43.58918;5.88478
85;5;Longčves;85200;85126;46.483333;-0.858333
85;2;Saint-Avaugourd-des-Landes;85540;85200;46.5134;-1.48501
85;3;L'Epine;85740;85083;46.983333;-2.275
85;3;Noirmoutier-en-l'Ile;85330;85163;47.008333;-2.225
86;1;Neuville-de-Poitou;86170;86177;46;69
86;3;Surin;86250;86266;46.0775;0.37179
86;3;Saint-Sauvant;86600;86244;46.358333;0.058333
86;3;Thollet;86290;86270;46.42108;1.12298
86;4;Aulnay;86330;86013;46.908333;0.091667
87;2;Maisonnais-sur-Tardoire;87440;87091;45.716667;0.691667
88;3;Bussang;88540;88081;47.87938;6.85014
88;3;Le Thillot;88160;88468;47.8795;6.76495
88;3;Ramonchamp;88160;88369;47.89;6.7379
88;3;Le Ménil;88160;88302;47.89328;6.742881
88;3;Ferdrupt;88360;88170;47.9;6.74288
88;4;Repel;88500;88389;48.35;5.975
89;2;Magny;89200;89235;47.48414;3.98098
89;1;Etais-la-Sauvin;89480;89158;47.50379;3.3419
89;1;Charny;89120;89086;47.883333;3.091667
89;2;Charmoy;89400;89085;47.941667;3.491667
89;3;Nailly;89100;89274;48.225;3.225
91;2;Blandy;91150;91067;48.316667;2.258333
92;10;Meudon;92190;92048;48.808333;2.241667
93;2;Saint-Denis;93200;93066;48.933333;2.358333
93;1;Epinay-sur-Seine;93800;93031;48.95;2.308333
93;2;Villetaneuse;93430;93079;48.958333;2.341667
94;8;Saint-Maurice;94410;94069;48.816667;2.458333
2B;2;Manso;20245;20153;42.383333;8.766667
2B;2;Santa-Reparata-di-Balagna;20220;20316;42.6;8.916667
2B;2;Palasca;20226;20199;42.583333;9.05
2B;1;Urtaca;20218;20332;42.6;9.166667
2B;2;Belgodčre;20226;20034;42.583333;9.016667
2B;2;Omessa;20236;20193;42.366667;9.2
2B;2;Speloncato;20226;20290;42.566667;8.966667
2B;1;Pičve;20258;20230;42.566667;9.283333
2A;2;Grossa;20100;20129;41.6;8.883333
2B;2;Ville-di-Paraso;20279;20352;42.566667;8.983333
2B;2;Popolasca;20218;20244;42.433333;9.133333
2B;2;Corbara;20220;20093;42.616667;8.9
2B;2;Monticello;20220;20168;42.616667;8.95
2A;1;Bocognano;20136;20040;42.083333;9.066667
2B;2;Novella;20211;20180;42.566667;9.116667
2B;2;Castirla;20236;20083;42.366667;9.15
2A;1;Evisa;20126;20108;42.25;8.8
2B;1;Ogliastro;20217;20183;42.816667;9.333333
2B;2;L'Ile-Rousse;20220;20134;42.633333;8.933333
2A;2;Tasso;20134;20322;41.933333;9.1
2A;2;Aullčne;20116;20024;41.766667;9.083333
2B;2;Calenzana;20214;20049;42.5;8.85
2A;2;Sari-Solenzara;20145;20269;41.833333;9.375
2A;1;Ajaccio;20000;20004;41.916667;8.733333
2B;2;Calvi;20260;20050;42.566667;8.75
2A;1;Villanova;20167;20351;41.95;8.666667
2A;1;Arro;20151;20022;42.083333;8.816667
2B;2;Lumio;20260;20150;42.566667;8.833333
2A;1;Balogna;20160;20028;42.166667;8.783333
2B;2;Algajola;20220;20010;42.616667;8.866667
2A;1;Cargčse;20130;20065;42.133333;8.583333
2A;1;Partinello;20147;20203;42.3;8.683333
2A;1;Serriera;20147;20279;42.3;8.716667
2A;1;Osani;20147;20197;42.316667;8.633333
2B;2;Silvareccio;20215;20280;42.45;9.4
2B;1;Sorio;20258;20287;42.583333;9.266667
2B;1;Saint-Florent;20217;20298;42.683333;9.3
2B;2;Aléria;20270;20009;42.1;9.516667
2B;2;Santa-Lucia-di-Mercurio;20250;20306;42.316667;9.216667
2B;1;Centuri;20238;20086;42.95;9.35
2B;1;Pietralba;20218;20223;42.533333;9.183333
2B;1;Santo-Pietro-di-Tenda;20246;20314;42.6;9.25
2B;2;Scolca;20290;20274;42.516667;9.366667
2B;1;San-Martino-di-Lota;20200;20305;42.716667;9.416667
2B;2;Mausoléo;20259;20156;42.766667;9.466667
2B;1;Meria;20287;20159;42.933333;9.433333
2B;2;Monte;20290;20166;42.466667;9.383333
2B;2;Campitello;20252;20055;42.516667;9.316667
2B;1;Brando;20222;20043;42.766667;9.45
2B;2;Santa-Lucia-di-Moriani;20230;20307;42.383333;9.5
2B;2;Talasani;20230;20319;42.4;9.483333
2B;2;Asco;20276;20023;42.45;9.033333
2B;2;Aiti;20244;20003;42.4;9.233333
2B;2;Galéria;20245;20121;42.4;8.65
