BEGIN TRANSACTION;
CREATE TABLE IF NOT EXISTS "classes" (
	"ref"	TEXT,
	"inititule"	TEXT,
	"niveau"	TEXT,
	"filiere"	TEXT,
	"effectifmin"	INTEGER,
	"effectifmax"	INTEGER,
	"agemoyen"	INTEGER,
	PRIMARY KEY("ref")
);
CREATE TABLE IF NOT EXISTS "Eleve" (
	"identifiant"	INTEGER,
	"ref_classe"	TEXT,
	"nom"	TEXT,
	"prenom"	TEXT,
	"sexe"	INTEGER,
	"ville"	TEXT,
	"tel"	TEXT,
	"mail"	TEXT,
	"date_naiss"	TEXT,
	FOREIGN KEY("ref_classe") REFERENCES "classes"("ref"),
	PRIMARY KEY("identifiant" AUTOINCREMENT)
);
CREATE TABLE IF NOT EXISTS "groupe" (
	"reference"	TEXT,
	"intitule"	TEXT,
	"discipline"	TEXT,
	"professeur"	TEXT,
	"niveau"	TEXT,
	"Filière"	TEXT,
	PRIMARY KEY("reference")
);
CREATE TABLE IF NOT EXISTS "Est_membre" (
	"ref_id_eleve"	INTEGER,
	"ref_groupe"	TEXT,
	FOREIGN KEY("ref_id_eleve") REFERENCES "Eleve"("identifiant"),
	FOREIGN KEY("ref_groupe") REFERENCES "groupe"("reference"),
	PRIMARY KEY("ref_id_eleve","ref_groupe")
);
INSERT INTO "classes" VALUES ('2A','2A','seconde','generale',25,35,15),
 ('2B','2B','seconde','generale',25,35,15),
 ('2C','2C','seconde','generale',25,35,15),
 ('2D','2D','seconde','generale',25,35,15),
 ('2E','2E','seconde','generale',25,35,15),
 ('2F','2F','seconde','generale',25,35,15),
 ('1GA','1GA','premiere','generale',25,35,16),
 ('1GB','1GB','premiere','generale',25,35,16),
 ('1GC','1GC','premiere','generale',25,35,16),
 ('TGA','TGA','terminale','generale',25,35,17),
 ('TGB','TGB','terminale','generale',25,35,17),
 ('TGC','TGC','terminale','generale',25,35,17),
 ('1STIA','1STIA','premiere','generale',25,35,16),
 ('1STIB','1STIB','premiere','generale',25,35,16),
 ('1STIC','1STIC','premiere','generale',25,35,16),
 ('1STID','1STID','premiere','generale',25,35,16),
 ('TSITA','TSITA','terminale','generale',25,35,17),
 ('TSTIB','TSTIB','terminale','generale',25,35,17),
 ('TSTIC','TSTIC','terminale','generale',25,35,17),
 ('TSTID','TSTID','terminale','generale',25,35,17);
INSERT INTO "Eleve" VALUES (2,'TGA','BILLAUD','OLIVIER',1,'Strasbourg','07 11 36 39 21','billol@hotmail.fr','2003-02-05'),
 (3,'2A','MEYRIEUX','ANDRE',1,'Schiltigheim','06 46 13 12 55','meyrieux_andre@free.fr','2003-07-01'),
 (4,'TSITA','GOUDET','MARIE',2,'Schiltigheim','07 51 73 22 53','gou-marie@laposte.net','2004-12-03'),
 (5,'2F','LESUEUR','ANNETTE',2,'Strasbourg','06 68 32 33 75','le-an@sfr.fr','2004-01-26'),
 (6,'2D','BLAIMONT','ERIC',1,'Bischheim','06 65 00 88 62','blaimonteric@free.fr','2005-12-08'),
 (7,'TSTID','POUPEAU','MARIE',2,'Wolfisheim','06 62 26 40 70','poupea_mari@sfr.fr','2004-12-05'),
 (8,'2F','CLERGUE','JIMMY',1,'Strasbourg','07 53 17 20 76','cl-jimmy@hotmail.fr','2003-04-01'),
 (9,'TSTIB','VALDERHAUG','ANNE',2,'Strasbourg','06 54 02 96 13','valderhaug_a@free.fr','2004-06-05'),
 (10,'2F','PERROT','CHRISTIAN',1,'Strasbourg','07 20 25 28 20','perrotchristian@sfr.fr','2005-12-06'),
 (11,'TSTID','L''HORTOLARY','LOUIS',1,'Strasbourg','07 72 48 59 24','l''hortolary-lou@laposte.net','2004-09-06'),
 (12,'2E','JENDLI','JOSEPH',1,'Holtzheim','07 08 67 37 05','jendli_jo@gmail.com','2005-01-21'),
 (13,'2E','LASALLE','LOUIS',1,'Mundolsheim','06 82 04 85 65','lasalle_louis@sfr.fr','2005-05-04'),
 (14,'TGB','ZUNINO','MARCEL',1,'Strasbourg','07 69 99 97 49','zunino.m@sfr.fr','2003-03-11'),
 (15,'2B','ALBERTI','MARYLINE',2,'Strasbourg','06 60 42 55 63','a-m@hotmail.fr','2004-02-01'),
 (16,'2C','RONDET','ALEXANDRA',2,'Strasbourg','07 33 90 47 93','ro_a@gmail.com','2004-11-27'),
 (17,'TGB','CACHIA','DIDIER',1,'Bischheim','07 64 06 21 13','cdid@wanadoo.fr','2003-02-02'),
 (18,'TGA','GIAMBONA','JUSTIN',1,'Fegersheim','06 64 59 47 20','giambonajus@wanadoo.fr','2004-02-10'),
 (19,'2B','PIERRE CHARLES','TERESA',2,'Strasbourg','06 95 03 41 90','pi_teresa@sfr.fr','2005-12-11'),
 (20,'TSTID','MOREL','JOACHIM',1,'Strasbourg','06 38 97 05 81','morel_joachim@gmail.com','2004-12-04'),
 (21,'TGB','APKARYAN','LEON',1,'Strasbourg','07 03 87 82 94','apkaryan.leon@laposte.net','2004-06-02'),
 (22,'TGC','HAGEAUX','CEDRIC',1,'Strasbourg','07 15 40 70 68','hageau.cedric@wanadoo.fr','2003-11-28'),
 (23,'TGC','LASJUNIES','EMILIE',2,'Strasbourg','06 33 20 05 09','lasjunies.emi@gmail.com','2002-07-15'),
 (24,'2C','GONOD','SEBASTIEN',1,'Schiltigheim','07 20 08 05 59','gonod-se@gmail.com','2003-09-20'),
 (25,'1GB','CARLONI','FRANCOIS',1,'Strasbourg','06 41 29 21 97','car.francois@free.fr','2005-05-27'),
 (26,'1GA','STUMPF','ROBERT',1,'Strasbourg','06 96 75 56 49','stumpfrob@sfr.fr','2004-04-06'),
 (27,'2D','HUET','MARIE',2,'Strasbourg','07 31 92 77 79','huet-mar@hotmail.fr','2003-08-16'),
 (28,'1GA','HOARAU','VALERIE',2,'Lingolsheim','06 33 07 93 08','hoarauval@laposte.net','2003-10-31'),
 (29,'2B','MALVEAUX','JOSEPH',1,'Strasbourg','06 41 23 15 22','malv_joseph@sfr.fr','2005-04-05'),
 (30,'1STID','LANTERI','JEREMIE',1,'Strasbourg','06 04 12 26 43','lanteri_jeremie@hotmail.fr','2003-01-10'),
 (31,'2C','STADNITZKY KOLENDO','MICHEL',1,'Hoenheim','07 69 19 36 20','stadnitz.mi@sfr.fr','2004-04-21'),
 (32,'TGC','KINOUANI','ISABELLE',2,'Strasbourg','07 04 67 69 91','kin.is@wanadoo.fr','2004-06-17'),
 (33,'2E','GSTALTER','GEORGES',1,'Geispolsheim','06 36 65 30 24','gstaltergeo@hotmail.fr','2003-04-24'),
 (34,'TGC','GORDON','NADINE',2,'Schiltigheim','06 42 04 33 83','gordon-nadine@sfr.fr','2003-09-13'),
 (35,'2D','MBUNDU','MICHEL',1,'Souffelweyersheim','06 39 54 69 73','mb.michel@free.fr','2003-11-13'),
 (36,'2E','DERDIRI','VINCENT',1,'Strasbourg','06 26 02 85 01','derdir_vincent@wanadoo.fr','2004-06-04'),
 (37,'TSTIC','GELU','JEAN',1,'Strasbourg','06 98 69 69 90','gel.je@free.fr','2003-11-05'),
 (38,'1STIC','LOONES','ERIC',1,'Strasbourg','06 59 64 46 47','looneser@free.fr','2005-12-12'),
 (39,'2D','TOUCHARD','DOMINIQUE',2,'Strasbourg','06 87 82 04 27','touchard.dominiqu@sfr.fr','2003-08-15'),
 (40,'2D','BERTHOUD','STEVE',1,'Strasbourg','06 36 41 54 45','berthoud.st@wanadoo.fr','2004-07-22'),
 (41,'1GB','PEAUD','CHRISTOPHE',1,'Geispolsheim','07 95 27 89 83','pe.christop@gmail.com','2005-09-13'),
 (42,'1STIA','MICHEL','RENE',1,'Strasbourg','06 50 94 02 18','mich.r@hotmail.fr','2004-10-08'),
 (43,'2C','MALFROY','PHILIPPE',1,'Eckwersheim','06 11 40 09 66','malfphilip@laposte.net','2005-03-12'),
 (44,'1STIC','CHEHIDI','PIERRE',1,'Strasbourg','07 28 62 57 43','chepie@wanadoo.fr','2004-07-17'),
 (45,'1STIC','ENGUEHARD','LOUISE',2,'La Wantzenau','07 40 81 96 64','engu-lo@hotmail.fr','2003-02-27'),
 (46,'2D','PONCELET','PIERRE',1,'Strasbourg','07 71 35 62 83','poncelet.pierre@gmail.com','2005-11-10'),
 (47,'TSTIB','LORMIERES','EMMANUEL',1,'Strasbourg','06 84 19 92 05','lo.emmanuel@gmail.com','2004-11-06'),
 (48,'TSITA','MELET','JUSTINE',2,'Ostwald','06 67 59 69 36','mele.justine@laposte.net','2003-02-06'),
 (49,'1STIC','MEYER','ENVER',1,'Hoenheim','07 46 39 59 52','meyer-enver@hotmail.fr','2005-08-02'),
 (50,'1STIA','BAILLOT','NICOLE',2,'Strasbourg','06 13 93 06 25','baillot.nicol@wanadoo.fr','2005-02-21'),
 (51,'2A','ANDRE','BENOIT',1,'Strasbourg','07 30 25 03 87','anbenoit@laposte.net','2003-11-30'),
 (52,'2F','DEFRANCE','MANON',2,'Strasbourg','07 33 34 29 73','def.m@sfr.fr','2006-05-19'),
 (53,'2A','HAMMOU','ROLAND',1,'Strasbourg','06 29 52 35 84','hamm.roland@hotmail.fr','2005-05-25'),
 (54,'TGC','PERIS','SYLVIE',2,'Strasbourg','07 68 07 08 63','persylv@wanadoo.fr','2001-06-03'),
 (55,'TGA','ROLLET','MARCELLE',2,'Lingolsheim','06 12 52 22 16','ro-marcelle@laposte.net','2004-10-10'),
 (56,'2F','BRUN','GERARD',1,'Strasbourg','06 42 47 52 31','brun.gerard@gmail.com','2003-03-07'),
 (57,'TGA','JACQUES','ROLAND',1,'Schiltigheim','06 29 58 17 77','jacq.roland@free.fr','2003-12-03'),
 (58,'TSTID','PITOUT','LOUIS',1,'Schiltigheim','07 77 17 78 52','pitoutlouis@wanadoo.fr','2004-09-15'),
 (59,'2E','ALBOUSSIERE','CLAUDINE',2,'Strasbourg','06 29 08 76 23','alboussi.claud@laposte.net','2003-04-04'),
 (60,'1GA','MENAGER','SENNUR',2,'Plobsheim','06 36 41 01 31','menager.sennur@gmail.com','2005-12-06'),
 (61,'1STIC','BELLANGER','ANNE',2,'Eschau','07 57 21 40 36','bellangera@hotmail.fr','2004-11-05'),
 (62,'2E','DELABRE','SELMAN',1,'Strasbourg','06 84 15 96 44','delabre.selman@laposte.net','2005-01-08'),
 (63,'2B','FARGIER','QUENTIN',1,'Schiltigheim','07 16 33 38 23','fargie_quent@sfr.fr','2004-11-29'),
 (64,'1GA','LE PAVEN','HELENE',2,'Reichstett','07 69 43 12 47','lepaven-helene@gmail.com','2005-06-08'),
 (65,'TSTID','LONGERE','LENA',2,'Strasbourg','06 03 00 55 73','longere.lena@gmail.com','2004-11-10'),
 (66,'2D','GUEVELOU','JEAN',1,'Strasbourg','06 58 36 16 65','gueve-jean@laposte.net','2004-10-19'),
 (67,'2C','MATHIO','CATHERINE',2,'Eckbolsheim','07 89 53 49 15','mathcatherine@gmail.com','2005-08-09'),
 (68,'1STIB','SARMEO','RENE',1,'Strasbourg','06 52 91 56 26','sarm-rene@gmail.com','2004-06-02'),
 (69,'1GB','REME','JOSEPH',1,'Strasbourg','06 48 03 31 38','reme.joseph@gmail.com','2003-10-12'),
 (70,'1GA','DAROUX','MARIO',1,'Ostwald','06 46 01 21 43','dar-mario@sfr.fr','2005-04-11'),
 (71,'2B','ZERDOUM','CHARLES',1,'Strasbourg','07 49 63 71 37','zerdoum-charles@laposte.net','2005-06-03'),
 (72,'TGC','BERGUERT','JONATHAN',1,'Strasbourg','07 38 08 11 61','berguert_jonathan@laposte.net','2004-05-05'),
 (73,'2E','GHYS','JEAN',1,'Schiltigheim','06 88 18 25 28','ghysjean@wanadoo.fr','2005-03-20'),
 (74,'1GB','CASTALDI','MARIE',2,'Strasbourg','07 44 04 15 23','castaldi.marie@hotmail.fr','2003-11-07'),
 (75,'TSTIC','DESLANDES','ERKAN',1,'Strasbourg','07 64 53 93 72','deslandes-erkan@laposte.net','2004-11-28'),
 (76,'2E','GOYEAU','PATRICIA',2,'Strasbourg','06 37 17 61 50','goyeapatricia@gmail.com','2004-12-27'),
 (77,'1GC','LAMBERT','ANDRE',1,'Strasbourg','06 93 01 38 65','lambert-andre@hotmail.fr','2005-01-26'),
 (78,'2F','MARCHAND','EVA',2,'Schiltigheim','07 20 73 15 81','marchand_eva@sfr.fr','2005-07-28'),
 (79,'2A','FAUVEL','ALAIN',1,'Strasbourg','06 92 66 87 54','fauvelalai@wanadoo.fr','2005-01-11'),
 (80,'TSTIB','HANOT','CATHERINE',2,'Strasbourg','06 13 47 32 74','hanot.catheri@gmail.com','2004-11-14'),
 (81,'TSTID','HABERT','DENISE',2,'Strasbourg','06 47 98 59 49','habert.denise@sfr.fr','2002-06-11'),
 (82,'1STIA','ADAM','MUSTAPHA',1,'Strasbourg','07 62 55 16 75','a_mu@gmail.com','2003-02-23'),
 (83,'1GB','MUDDE','STEPHANIE',2,'Strasbourg','07 85 63 87 29','muddestephanie@hotmail.fr','2003-07-09'),
 (84,'2F','BEVAN','SERGE',1,'Geispolsheim','06 79 42 79 81','bevan-s@gmail.com','2005-05-19'),
 (85,'TGC','EL BORDJI','EMILIENNE',2,'Reichstett','06 98 10 25 67','elbord-emilienn@wanadoo.fr','2003-07-22'),
 (86,'2B','RUELLAN','VINCENT',1,'Illkirch-Graffenstaden','07 68 76 65 99','ruellan.vincent@wanadoo.fr','2005-04-11'),
 (87,'1STIC','PICHON','SLAVICA',2,'Strasbourg','06 60 31 59 78','pichon_slavica@laposte.net','2003-11-04'),
 (88,'1STIA','BELAUD','GINETTE',2,'Strasbourg','07 63 08 82 76','belaud_ginette@wanadoo.fr','2004-04-30'),
 (89,'2C','DREANO','OLIVIER',1,'Strasbourg','06 98 80 00 53','dreano-olivier@gmail.com','2004-09-29'),
 (90,'2D','LANG','ESTEBAN',1,'Mundolsheim','06 21 35 35 00','lang_esteban@hotmail.fr','2005-11-23'),
 (91,'1GA','TAMERLO','JANINE',2,'Schiltigheim','07 78 24 75 02','tamerlo_janine@hotmail.fr','2005-08-01'),
 (92,'2D','POIRIER','WILLIAM',1,'Strasbourg','06 42 78 56 47','poirier_will@wanadoo.fr','2004-03-04'),
 (93,'1STIA','CLEMENCEAU','VERONIQUE',2,'Strasbourg','07 29 43 27 82','clemenceveronique@wanadoo.fr','2005-12-02'),
 (94,'2B','MALGOUYARD','DENIS',1,'Schiltigheim','06 55 53 17 86','mal-denis@gmail.com','2006-11-10'),
 (95,'2C','DE LAAGE','GHISLAINE',2,'Lingolsheim','07 22 35 54 23','delaage_ghislaine@wanadoo.fr','2003-09-13'),
 (96,'TGB','DENIS','CHRISTIAN',1,'Strasbourg','07 74 68 83 76','denischr@laposte.net','2004-01-21'),
 (97,'1GA','SOTTO','FRANCIS',1,'Geispolsheim','06 58 52 11 97','sotto.francis@hotmail.fr','2005-07-29'),
 (98,'1GA','TIENNEBRUNE','GEORGES',1,'Strasbourg','06 34 76 17 54','tienn.georges@gmail.com','2005-09-10'),
 (99,'1STID','VALENTIN','MICHEL',1,'Strasbourg','06 05 75 49 31','valentin-mi@gmail.com','2004-08-19'),
 (100,'2B','SCHMITTER','MURIEL',2,'Strasbourg','06 95 38 05 55','schmitter.muriel@laposte.net','2003-04-01'),
 (101,'1STIC','ROOJEE','YVAN',1,'Strasbourg','07 38 63 48 26','roojee.yvan@hotmail.fr','2005-11-22'),
 (102,'1GA','PEROUX','JOEL',1,'Strasbourg','07 08 21 46 98','peroux-joe@sfr.fr','2005-05-29'),
 (103,'1STIC','BOILET','CHRISTOPHE',1,'Strasbourg','07 32 12 90 43','boil.chr@gmail.com','2005-04-22'),
 (104,'1STID','AUCUIT','LOUIS',1,'Strasbourg','07 24 82 90 28','aucuitlouis@free.fr','2003-04-01'),
 (105,'1STIC','GARY POULIQUEN','MONICA',2,'Strasbourg','07 89 12 86 93','garypouliquenmon@gmail.com','2005-12-30'),
 (106,'1STIB','OGER','PIERRE',1,'Strasbourg','06 86 62 31 49','og.pie@gmail.com','2003-12-13'),
 (107,'TSTIB','LAMOTTE','AMIRA',2,'Strasbourg','06 62 17 95 67','lamotteamira@gmail.com','2002-07-01'),
 (108,'TSTIB','FERREIRA NUNES','VIKTORIJA',2,'Bischheim','07 04 57 66 19','ferreir-viktorija@free.fr','2004-11-10'),
 (109,'1STIC','VIEU','MAURICE',1,'Strasbourg','07 26 16 14 62','vieu.maurice@sfr.fr','2005-03-31'),
 (110,'1STIA','TERRASSON','MARIA',2,'Strasbourg','06 31 63 74 02','terrasson-mari@sfr.fr','2003-11-01'),
 (111,'2F','AIRAUDI','ELISABETH',2,'Reichstett','07 32 08 54 89','air_elisabeth@sfr.fr','2005-06-18'),
 (112,'TGB','DECOSNE','ANDRE',1,'Strasbourg','07 76 36 50 04','decosne_andr@laposte.net','2003-05-06'),
 (113,'1STIA','MARTORELL','LOUIS',1,'Ostwald','07 32 06 22 76','martorel-louis@free.fr','2004-11-12'),
 (114,'2C','GIUSTI','GAETAN',1,'Schiltigheim','07 11 55 09 29','giu_g@gmail.com','2005-06-29'),
 (115,'TGC','KAPLAN','CELINE',2,'Strasbourg','06 58 00 69 45','kapla-celine@wanadoo.fr','2003-09-25'),
 (116,'2D','MOURIER DES GAYETS','DANIEL',1,'Eckbolsheim','06 00 16 84 27','mourierdesgayets-daniel@sfr.fr','2004-10-10'),
 (117,'1STID','NEVEU','CECILE',2,'Strasbourg','07 61 53 33 13','ne-cecile@hotmail.fr','2005-11-09'),
 (118,'1GC','VERMEULEN','ERIC',1,'Mundolsheim','06 03 50 51 06','vermeuleneric@laposte.net','2004-10-25'),
 (119,'1GA','SALVETTI','ALFRED',2,'Strasbourg','07 24 23 81 21','sa.al@gmail.com','2005-04-22'),
 (120,'2E','BERTRAND','ELISABETH',2,'Strasbourg','06 45 91 99 41','bertraelisabeth@sfr.fr','2005-04-09'),
 (121,'1STIC','LE BEL','BENOIT',1,'Strasbourg','07 29 49 54 05','lebel.be@laposte.net','2005-10-27'),
 (122,'TGB','DERUEL','ANNE',2,'Eckbolsheim','07 45 57 37 62','deruel.a@wanadoo.fr','2003-02-26'),
 (123,'2D','DETRY','RONAN',1,'Eckbolsheim','06 60 29 46 32','detry.ronan@sfr.fr','2005-05-02'),
 (124,'TSITA','SERRA','CARINE',2,'Oberhausbergen','06 75 32 59 20','serra-carine@sfr.fr','2003-04-29'),
 (125,'2F','CHERVET','BENYOUNES',1,'Strasbourg','07 26 15 32 70','chervet_be@gmail.com','2004-11-06'),
 (126,'2F','LANGLOIS','CHLOE',2,'Bischheim','06 96 53 06 80','la-chloe@hotmail.fr','2004-09-12'),
 (127,'2F','SEVE','NICOLAS',1,'Strasbourg','07 29 11 10 04','sevenicola@laposte.net','2006-03-10'),
 (128,'TGC','DESPOUEY','LUCIEN',1,'Strasbourg','06 25 26 24 34','despouey_lucien@wanadoo.fr','2003-06-25'),
 (129,'1GC','LE MORILLON','LOUIS',1,'Eckbolsheim','07 51 53 77 17','lemorillon-louis@hotmail.fr','2003-11-22'),
 (130,'2A','NGUYEN','PHILIPPE',1,'Strasbourg','07 35 56 22 69','nguyenphilippe@free.fr','2003-07-01'),
 (131,'1STIC','LABUZ','KARIM',1,'Strasbourg','06 42 53 56 10','labuz-karim@laposte.net','2004-03-30'),
 (132,'2D','BATTISTA','PATRICE',1,'Strasbourg','07 23 40 30 81','batt.patrice@laposte.net','2005-04-28'),
 (133,'1STIB','SILVA','CHRISTOPHE',1,'Lingolsheim','07 69 55 93 28','si-christoph@free.fr','2004-08-09'),
 (134,'2A','COUTY','COLETTE',2,'Hoenheim','06 47 64 52 82','couty-col@wanadoo.fr','2004-08-07'),
 (135,'2E','BILGER','LAURENT',1,'Eschau','06 17 07 84 30','bilger.laurent@sfr.fr','2005-04-05'),
 (136,'2B','BEZANCON','PIERRE',1,'Lampertheim','06 53 43 65 09','bezancon-pierre@gmail.com','2003-03-15'),
 (137,'1STIB','MAUREL','HALIMA',2,'Strasbourg','07 83 50 86 26','maurelhalima@gmail.com','2004-07-21'),
 (138,'2B','LORAND','PIERRE',1,'Strasbourg','07 51 30 55 72','lo.pierre@sfr.fr','2003-01-17'),
 (139,'2E','KHAKSAR','ISIDORE',1,'Schiltigheim','07 41 26 17 72','kha-isidore@laposte.net','2003-10-13'),
 (140,'2D','ALLOUCH','SVEN',1,'Strasbourg','07 42 73 92 31','allouch_s@gmail.com','2003-10-14'),
 (141,'1GC','GILCHER','MIRANA',2,'Strasbourg','06 27 99 83 80','gilcher_mir@sfr.fr','2003-09-02'),
 (142,'1STIB','GAUDRY','JEAN',1,'Strasbourg','06 10 87 07 49','gaudry.jean@hotmail.fr','2004-02-27'),
 (143,'1STIB','DOLMETTA','ANGELIQUE',2,'Mundolsheim','07 02 87 05 63','dolmetta_ange@hotmail.fr','2003-04-26'),
 (144,'2C','BAZINCOURT','FLORIAN',1,'Holtzheim','06 69 44 88 79','bazincourt.florian@hotmail.fr','2005-01-06'),
 (145,'1STIA','FRIOT','ROGER',1,'Strasbourg','07 83 70 12 84','friotroger@wanadoo.fr','2005-03-09'),
 (146,'2C','DURAND','JEAN',1,'Plobsheim','07 79 82 61 34','du_jea@wanadoo.fr','2004-05-17'),
 (147,'TSTIB','DAL CIN','MARIE',2,'Eschau','06 23 18 27 08','dalcinmarie@wanadoo.fr','2004-04-20'),
 (148,'2A','PARROTTA','BRIGITTE',2,'Strasbourg','07 42 89 23 91','parrotta.brigitte@laposte.net','2004-01-19'),
 (149,'TGA','DRANEBOIS','PATRICK',1,'Strasbourg','07 76 67 73 45','dranebois-patrick@hotmail.fr','2003-03-08'),
 (150,'2E','CAMPAGNO','GAELLE',2,'Strasbourg','07 68 18 00 74','campagaelle@free.fr','2005-11-05'),
 (151,'1STIA','BERNARD','JEANNE',2,'Strasbourg','07 02 29 92 19','bernardj@hotmail.fr','2003-03-11'),
 (152,'2C','BERENGER','PASCAL',1,'Illkirch-Graffenstaden','06 04 72 49 12','ber-pas@free.fr','2003-03-25'),
 (153,'1STID','INGALA','THIERY',1,'Strasbourg','06 93 52 82 97','ingala.thiery@laposte.net','2005-04-20'),
 (154,'TGB','ROUX','HUGUETTE',2,'Schiltigheim','07 09 87 95 40','rouxhuguette@free.fr','2003-08-17'),
 (155,'1STIA','PREVONIAC','MARCELLE',2,'Schiltigheim','07 93 23 77 17','prevon.marcel@gmail.com','2005-09-20'),
 (156,'2F','BIJOT','ANNA',2,'Strasbourg','06 11 95 35 96','bijot-anna@free.fr','2003-04-25'),
 (157,'2D','NICOLAS','GERARD',1,'Achenheim','07 38 35 65 73','nicolas.ger@wanadoo.fr','2005-09-08'),
 (158,'1STIC','BOURDU','JOSE',1,'Breuschwickersheim','07 23 57 75 94','bourd.jos@laposte.net','2005-08-30'),
 (159,'TGC','LACROIX','NICOLAS',1,'Strasbourg','06 49 36 65 15','lacroix_nicolas@wanadoo.fr','2003-11-26'),
 (160,'1GC','GUILLET','MADELEINE',2,'Strasbourg','06 97 12 36 51','guillet.madeleine@hotmail.fr','2005-02-25'),
 (161,'TSTIB','PETERS','CAROLE',2,'Blaesheim','06 42 33 40 70','p_car@laposte.net','2003-08-13'),
 (162,'TGA','CONEDERA','VANESSA',2,'Strasbourg','07 64 16 63 53','cov@gmail.com','2004-09-27'),
 (163,'TSITA','SENFTLE','BENEDICTE',2,'Strasbourg','06 21 94 88 97','senftl-benedicte@gmail.com','2004-05-02'),
 (164,'2D','GELY','PAUL',1,'Wolfisheim','06 20 60 33 34','gely_pau@sfr.fr','2003-08-07'),
 (165,'TSTIB','VENNIN','EVELYNE',2,'Strasbourg','06 42 81 28 52','venninevelyne@hotmail.fr','2004-02-21'),
 (166,'2E','FLOUVAT','JEANINE',2,'Illkirch-Graffenstaden','06 42 94 70 94','flouvat-jea@laposte.net','2004-04-09'),
 (167,'2D','LECORCHE','HELENE',2,'Strasbourg','06 33 39 99 59','lecorch-helene@sfr.fr','2004-06-26'),
 (168,'1GC','DELESTRE','ALAIN',1,'Strasbourg','07 79 67 89 66','delealai@laposte.net','2003-02-25'),
 (169,'1STID','CHIRI','GABRIEL',1,'Strasbourg','07 83 04 40 38','chgabriel@free.fr','2005-05-29'),
 (170,'2F','PELLETIER','MARCEL',1,'Plobsheim','06 71 84 79 30','pelletiermarcel@sfr.fr','2003-03-20'),
 (171,'2F','SANTOUL','JEAN',1,'Strasbourg','07 30 33 65 10','santoulj@laposte.net','2004-08-12'),
 (172,'2F','VINCENT','JEAN',1,'Fegersheim','06 86 19 95 33','vincjean@free.fr','2003-04-03'),
 (173,'2C','CAZAJUS','MARIE',2,'Strasbourg','07 05 88 14 52','cazajumarie@hotmail.fr','2005-11-28'),
 (174,'1GB','HERMEL','ROGER',1,'Reichstett','07 52 57 73 76','hermel_r@free.fr','2004-01-14'),
 (175,'1STID','VICART','THIERRY',1,'Strasbourg','07 91 74 48 82','vithierry@gmail.com','2003-12-05'),
 (176,'TGC','LACOSSE','YVON',1,'Strasbourg','06 28 00 03 14','lacosse_yvo@laposte.net','2001-07-16'),
 (177,'1STIC','BAGAGE','MOUNIR',1,'Ostwald','06 37 42 81 33','bagagemounir@laposte.net','2005-04-23'),
 (178,'TGB','SULSKI','ALEXANDRE',1,'Illkirch-Graffenstaden','06 34 46 87 78','sulski-a@wanadoo.fr','2003-10-15'),
 (179,'1STIA','BOITEUX','CHARLENE',2,'Strasbourg','07 33 12 24 82','boite.charlen@hotmail.fr','2004-07-04'),
 (180,'1STIA','FERNAND','PIERRE',1,'Bischheim','07 63 23 77 66','fernand_pierre@hotmail.fr','2005-09-13'),
 (181,'2D','DEVILLEZ','JEAN',1,'Lingolsheim','07 12 07 76 06','devillezjean@wanadoo.fr','2004-09-02'),
 (182,'2C','LEBRAULT','JEAN',1,'Strasbourg','06 98 70 57 25','leb_jean@free.fr','2003-08-05'),
 (183,'2A','HOURI','MARGUERITE',2,'Schiltigheim','07 50 31 80 25','houri.marguerite@sfr.fr','2004-02-07'),
 (184,'1STIC','KNOTTER','MICHEL',1,'Strasbourg','07 34 43 90 74','knott_m@free.fr','2003-04-16'),
 (185,'TSITA','SAUVAN','FABIEN',1,'Strasbourg','07 41 79 44 84','sauvan_fabien@sfr.fr','2003-04-22'),
 (186,'2E','DOURTHOUS','SANDRA',2,'Strasbourg','07 72 80 96 23','dourthous-sa@laposte.net','2004-11-06'),
 (187,'TGB','GUILLOUZIC','BERTHE',2,'Lampertheim','06 82 06 57 75','guillouz-b@hotmail.fr','2003-08-09'),
 (188,'2C','NICOU','DANIEL',1,'Strasbourg','06 11 99 64 03','ni.daniel@gmail.com','2004-11-13'),
 (189,'TGA','SOUQUE','ALAIN',1,'Strasbourg','07 49 00 71 19','souquealain@hotmail.fr','2001-01-06'),
 (190,'2C','BONNEL','FREDERIC',1,'Eschau','07 22 16 04 58','bonnel.fr@laposte.net','2005-06-06'),
 (191,'TSITA','HUSSON','BERNARD',1,'Strasbourg','07 33 49 81 29','hu-bernard@laposte.net','2004-05-08'),
 (192,'1STID','BOREL','DENYS',1,'Lingolsheim','07 09 36 18 65','boredenys@wanadoo.fr','2003-04-10'),
 (193,'1STIA','BESNARD','CHRISTIAN',1,'Bischheim','07 84 18 05 93','besnard.chri@hotmail.fr','2003-01-31'),
 (194,'1STIA','KORSZUK','GERARD',1,'Strasbourg','06 08 98 13 89','korszuk-gerar@sfr.fr','2004-02-27'),
 (195,'TSTID','DINANE','LEGER',1,'Ostwald','07 35 71 57 90','dinane_lege@free.fr','2004-12-19'),
 (196,'2D','AKDAG','MAURICE',1,'Strasbourg','07 27 54 70 44','a_maurice@free.fr','2005-08-08'),
 (197,'TGC','ROBAKOWSKI','ELODIE',2,'Strasbourg','06 26 65 95 76','robakowskielodie@gmail.com','2004-04-27'),
 (198,'2C','BENEDETTO','ANNICK',2,'Strasbourg','07 39 34 96 47','benedetto-a@laposte.net','2003-10-25'),
 (199,'2D','LANGLOIS','SYLVIE',2,'Ostwald','06 30 39 55 67','lang.s@hotmail.fr','2003-07-21'),
 (200,'1GB','PUTERI','GUENOLE',1,'Breuschwickersheim','07 04 70 17 38','puterig@hotmail.fr','2005-12-06'),
 (201,'1STIC','PIRON','SERGE',1,'Strasbourg','06 34 35 12 98','pir.serge@laposte.net','2003-12-28'),
 (202,'2D','VAIREZ','FERNAND',1,'Strasbourg','07 52 26 01 34','va-fernand@sfr.fr','2003-10-29'),
 (203,'TSITA','ROUCH','CARLOS',1,'La Wantzenau','06 12 81 20 82','ro.ca@hotmail.fr','2003-08-26'),
 (204,'2B','BEGU','BRICE',1,'Strasbourg','07 24 56 27 80','be-brice@free.fr','2003-05-31'),
 (205,'1STIA','TERTZAKIAN','YVES',1,'Strasbourg','07 82 56 13 28','tertzakianyves@gmail.com','2004-04-26'),
 (206,'1STIC','FLORIS','NATHALIE',2,'Souffelweyersheim','06 40 00 40 48','floris-nathali@sfr.fr','2003-09-30'),
 (207,'1STID','PASTOUREL','MATHILDE',2,'Strasbourg','06 47 35 77 77','pa-mathi@hotmail.fr','2005-11-05'),
 (208,'1GC','TOSTIVINT','ANNE',2,'Hoenheim','07 25 43 97 89','tostivanne@laposte.net','2003-05-19'),
 (209,'1STIC','CHAUWIN','ANNICK',2,'Strasbourg','07 37 98 54 90','chauwinannick@hotmail.fr','2005-04-03'),
 (210,'1STIB','ANDRIGHETTO','VALERIA',2,'Strasbourg','07 36 34 99 26','andrighetto.valeri@hotmail.fr','2005-06-21'),
 (211,'2B','GAGLIAZZO','BERNARD',1,'Strasbourg','07 63 92 63 72','gagliazzo-ber@hotmail.fr','2003-02-19'),
 (212,'TSTIC','LABONNE','ALAIN',1,'Strasbourg','06 61 21 14 34','labonn_al@free.fr','2004-01-11'),
 (213,'1STIA','LE CARRE','LEO',1,'Bischheim','06 90 72 18 51','lecarreleo@hotmail.fr','2005-12-07'),
 (214,'1GB','NAVARRO','GASTON',1,'Strasbourg','06 56 41 18 36','navarro-gaston@wanadoo.fr','2005-05-17'),
 (215,'2D','MARTY','GEORGES',1,'Ostwald','07 54 49 98 61','m_ge@free.fr','2003-02-09'),
 (216,'1STIC','COHEN','NICOLE',2,'Kolbsheim','07 63 12 35 47','cohennicole@laposte.net','2004-04-03'),
 (217,'2C','ALPERIN','MARIE',2,'Lingolsheim','06 28 00 81 79','alperi-marie@sfr.fr','2005-03-13'),
 (218,'1GB','EL BADAOUI','LUC',1,'Strasbourg','07 58 12 64 12','elbadaoui-l@free.fr','2003-06-17'),
 (219,'1STIA','NAJMI','SIMON',1,'Strasbourg','06 06 84 26 19','najmisim@gmail.com','2005-08-11'),
 (220,'1STIB','GUESNIER','FRANCOISE',2,'Oberhausbergen','06 37 54 37 35','guesnierfrancoise@free.fr','2004-03-30'),
 (221,'TGC','LAFERTIN','MEHMET',1,'Strasbourg','07 93 39 21 29','lafertin.mehme@sfr.fr','2003-09-20'),
 (222,'1GC','DESPLANQUES','HENRI',1,'Strasbourg','06 91 80 35 56','desplan.henri@free.fr','2005-03-15'),
 (223,'1STIC','AIT AISSA','JEAN',1,'Souffelweyersheim','06 17 43 47 77','aitaissa_jean@laposte.net','2003-03-04'),
 (224,'TSTIC','BIHR','RAYMOND',1,'Strasbourg','06 33 30 61 94','bihr-raymond@free.fr','2003-09-21'),
 (225,'2B','BISWAS','JEAN',1,'Geispolsheim','06 88 74 64 56','biswas-jean@free.fr','2005-09-20'),
 (226,'1GA','PICCOLI','MICHELLE',2,'Strasbourg','07 95 85 66 25','pmichelle@sfr.fr','2002-11-09'),
 (227,'TSTIB','IZABELLE','JACQUES',1,'Strasbourg','06 63 35 73 50','iza-jacques@hotmail.fr','2004-12-26'),
 (228,'1STIA','LATARD','ELZBIETA',2,'Strasbourg','07 83 57 33 33','latard_elzbieta@laposte.net','2004-03-13'),
 (229,'1GC','WATTIAU','GABRIEL',1,'Bischheim','06 33 68 71 57','watti-gabri@sfr.fr','2003-08-15'),
 (230,'1STIC','COSTA','JACQUES',1,'Lingolsheim','06 81 40 66 42','costa.jacques@gmail.com','2003-11-19'),
 (231,'1STID','CAMPILLO DEL FRESNO','AMANDA',2,'Schiltigheim','07 29 38 03 54','camp_amanda@hotmail.fr','2005-02-02'),
 (232,'2B','VUILLEMOT','MARCEL',1,'Bischheim','06 28 70 47 77','vuil-marcel@hotmail.fr','2005-02-03'),
 (233,'2B','ABBAOUI','ANTOINE',1,'Schiltigheim','06 92 96 67 14','abbaoui.an@gmail.com','2003-03-25'),
 (234,'2C','DUMAS','CORALIE',2,'Illkirch-Graffenstaden','07 77 01 05 17','d.coralie@laposte.net','2006-10-28'),
 (235,'1STIC','RODRIGUEZ JAVIER','JEAN',1,'Schiltigheim','07 73 70 10 65','rodriguezjavier_jean@free.fr','2003-08-30'),
 (236,'TSTIC','FABING','ANTOINE',1,'Niederhausbergen','07 94 29 74 68','fabi_antoine@gmail.com','2004-02-07'),
 (237,'TSTID','ZAMPARO','NICOLAS',1,'Geispolsheim','06 36 22 92 84','zamp-nico@laposte.net','2003-10-07'),
 (238,'1STIA','DOREAU','EVELYNE',2,'Strasbourg','06 28 81 99 02','doreau_evel@gmail.com','2002-04-16'),
 (239,'2E','CHAUBERT','EDITH',2,'Mittelhausbergen','07 91 63 90 67','chaubert_e@hotmail.fr','2005-07-23'),
 (240,'2A','LACOUT','FLORIAN',1,'Illkirch-Graffenstaden','06 83 43 16 68','lacout.florian@free.fr','2005-04-26'),
 (241,'TSITA','PERUCHES','MANUEL',1,'Strasbourg','07 70 11 43 46','peruches_m@gmail.com','2004-07-07'),
 (242,'1STIC','FABRE','MARCEL',1,'Strasbourg','07 95 11 90 99','fabre-marcel@free.fr','2005-01-29'),
 (243,'1STID','BERNADAC','MARIE',2,'Strasbourg','06 83 96 88 21','bernad-ma@hotmail.fr','2005-10-17'),
 (244,'2A','MARSOT','CLAUDE',1,'Strasbourg','07 14 28 64 18','marso.claude@laposte.net','2004-10-21'),
 (245,'1GB','DENAIRE','MARIE',2,'Eckwersheim','07 74 42 90 03','denairemar@sfr.fr','2005-09-01'),
 (246,'1GC','GUERRIER','SAMIRA',2,'Strasbourg','07 08 18 91 06','gsamir@free.fr','2002-04-05'),
 (247,'2E','DUCKIT','DENIS',1,'Schiltigheim','06 62 08 44 82','ducki_d@hotmail.fr','2003-10-31'),
 (248,'TGA','CONVERT','MAMADOU',1,'Strasbourg','06 67 74 42 23','co_mama@gmail.com','2003-05-30'),
 (249,'1GA','CHOPARD','CORINNE',2,'Ostwald','07 48 15 26 47','chopard-corinne@wanadoo.fr','2005-08-29'),
 (250,'TSITA','SULSER','ROGER',1,'Strasbourg','06 42 78 72 82','sroger@sfr.fr','2003-06-02'),
 (251,'1GB','FRUGIER','MARIE',2,'Strasbourg','07 62 19 97 26','frugiermarie@gmail.com','2003-05-02'),
 (252,'2C','GRUENEISEN','ALPHONSE',1,'Illkirch-Graffenstaden','06 83 39 61 07','grueneisenalphonse@free.fr','2005-02-07'),
 (253,'2F','DOMINIQUE','NADINE',2,'Schiltigheim','07 04 08 79 87','domini.n@sfr.fr','2005-01-10'),
 (254,'TGA','DEVISMES','LUC',1,'Strasbourg','06 65 53 23 60','devismes-luc@wanadoo.fr','2004-10-21'),
 (255,'1GA','RADOSAVKIC','FLORIAN',1,'Geispolsheim','06 34 94 08 56','radosavki.f@sfr.fr','2003-11-20'),
 (256,'TSTIB','PESTRE','ROMAIN',1,'Reichstett','07 21 08 15 40','pestre-roma@sfr.fr','2004-11-21'),
 (257,'TGA','RYAN','DONAT',1,'Illkirch-Graffenstaden','06 73 27 97 71','r-donat@sfr.fr','2002-08-28'),
 (258,'2E','BRAUDO','ALAIN',1,'Strasbourg','06 72 65 69 16','braudo-alain@sfr.fr','2003-06-13'),
 (259,'1STIA','ZELESZIK','ALBERT',1,'La Wantzenau','06 91 98 17 38','zeleszik.albert@wanadoo.fr','2005-06-30'),
 (260,'TGA','CHASLE','DANIEL',1,'Strasbourg','06 44 36 60 80','chasle_daniel@wanadoo.fr','2003-11-10'),
 (261,'2C','MOREAU','CHRISTIAN',1,'Strasbourg','06 51 66 36 42','m.christian@hotmail.fr','2003-06-01'),
 (262,'TSTIB','LAB','ALI',1,'Strasbourg','07 93 24 61 66','labal@sfr.fr','2003-10-03'),
 (263,'TSTIC','HOUDOU','ABDELKHADER',1,'Strasbourg','07 04 75 83 19','houdou.abde@gmail.com','2004-06-04'),
 (264,'1GC','PHILIP','SANDRINE',2,'Strasbourg','07 10 35 95 08','philisandrin@hotmail.fr','2003-02-24'),
 (265,'2B','VIERU','VERONIQUE',2,'Souffelweyersheim','07 26 46 83 27','vvero@free.fr','2003-09-08'),
 (266,'2C','LECHANTEUR','NATHALIE',2,'Strasbourg','07 99 09 83 57','lechante.nathalie@hotmail.fr','2003-03-26'),
 (267,'2F','SUSZKA','FREDERIC',1,'Strasbourg','07 26 39 55 89','sufrederic@laposte.net','2006-12-16'),
 (268,'TSTIB','CAILLAT','JACQUES',1,'Vendenheim','06 45 10 69 46','caillat_j@gmail.com','2003-01-10'),
 (269,'1STIB','SPENLE','HUGUES',1,'Bischheim','06 33 05 78 32','spenle-hugues@hotmail.fr','2004-04-18'),
 (270,'2F','REMOND','MARIE',2,'Schiltigheim','07 98 75 41 40','remond.m@wanadoo.fr','2004-01-12'),
 (271,'1GC','PETIT','PASCAL',1,'Strasbourg','06 27 84 75 75','pe.pasca@sfr.fr','2004-11-25'),
 (272,'1GA','VIRLOUVET','PIERRE',1,'Bischheim','07 72 54 86 44','virlouvet-pierr@laposte.net','2005-09-05'),
 (273,'1GA','VANET','MATTHIAS',1,'Strasbourg','06 59 69 33 05','vanet.matthi@sfr.fr','2005-09-22'),
 (274,'1STID','MORENO','MADELEINE',2,'Hoenheim','07 23 60 62 50','moreno-madelei@sfr.fr','2005-06-01'),
 (275,'2A','SARRAMEA','ESTELLE',2,'Schiltigheim','07 24 25 17 67','sarramea.estelle@hotmail.fr','2005-07-21'),
 (276,'2F','GEOFFRION','RENE',1,'Strasbourg','07 16 53 81 54','geoffrion.rene@free.fr','2003-04-26'),
 (277,'2B','MARTIN','BRUNO',1,'Strasbourg','07 97 49 48 46','martin_bruno@free.fr','2005-06-10'),
 (278,'2E','BRANCIFORTI','MICHEL',1,'Plobsheim','07 59 16 97 72','brancifor-miche@gmail.com','2003-03-19'),
 (279,'2B','LUCIANI','ISABELLE',2,'Ostwald','07 63 35 20 28','l_isabelle@free.fr','2004-05-31'),
 (280,'1STID','GUICHARDON','CONSTANCE',2,'Strasbourg','06 69 22 32 93','gu_constance@hotmail.fr','2004-04-14'),
 (281,'1GB','TEINTURIER','PATRICIA',2,'Blaesheim','06 72 98 70 31','teinturier_patricia@sfr.fr','2003-01-19'),
 (282,'1STIB','LEGRAND','JOSEPH',1,'Strasbourg','07 71 59 91 30','legrand-joseph@free.fr','2004-04-19'),
 (283,'TGC','DESCOTTES','CHARLES',1,'Strasbourg','06 15 54 38 20','descottes.ch@free.fr','2004-05-14'),
 (284,'TGB','RODRIGUEZ','PAUL',1,'Fegersheim','06 39 45 04 42','ropaul@laposte.net','2002-07-11'),
 (285,'1GC','GRUTTADAURIA','NATHALIE',2,'Strasbourg','06 83 25 41 69','gruttadauria_nathali@gmail.com','2005-09-10'),
 (286,'2A','PATALIDIS','AGNES',2,'Strasbourg','06 84 90 98 30','pa-ag@free.fr','2005-04-11'),
 (287,'TGC','JOUAN','MICHEL',1,'Strasbourg','06 90 01 03 17','j_m@hotmail.fr','2003-05-25'),
 (288,'2C','GUILBAUD','NASSER',1,'Strasbourg','06 27 15 09 93','gunasser@sfr.fr','2005-01-08'),
 (289,'1GC','DELACOSTE','RIGOBERT',1,'Strasbourg','07 37 42 95 08','del.r@wanadoo.fr','2005-04-02'),
 (290,'TGC','BOURNERIE','JEAN',1,'Schiltigheim','06 33 89 52 05','bournerie_jea@sfr.fr','2003-08-20'),
 (291,'1STIA','DAVID','PIERRE',1,'Mittelhausbergen','07 23 93 20 81','david-pierre@hotmail.fr','2005-08-16'),
 (292,'2F','NUNEZ','MICKAEL',1,'Strasbourg','06 34 85 62 70','nun-mickael@wanadoo.fr','2005-08-29'),
 (293,'1STID','LAPORTE','MARCELLE',2,'Strasbourg','06 67 93 92 01','laporte-marcelle@sfr.fr','2005-07-10'),
 (294,'1STIB','MASSOUN','ARIANE',2,'Strasbourg','06 07 30 23 61','massoun-a@free.fr','2004-11-27'),
 (295,'2E','TARROUX','CHRISTINE',2,'Strasbourg','06 85 70 87 93','tarrchristine@sfr.fr','2004-03-20'),
 (296,'2C','MONTANDON','ARLENE',2,'Strasbourg','06 69 14 97 75','marlene@gmail.com','2005-06-11'),
 (297,'2B','GALLAUX','MARCEL',1,'Strasbourg','07 84 84 71 86','galmarcel@laposte.net','2003-09-10'),
 (298,'1STIA','CAFLERS','DENISE',2,'Strasbourg','06 44 99 74 49','caflers_denise@laposte.net','2004-05-15'),
 (299,'TSTIC','GAUBY','EMILIENNE',2,'Eckbolsheim','06 43 37 34 53','g-em@laposte.net','2003-08-04'),
 (300,'2F','ABBAS','DENIS',1,'Strasbourg','06 64 97 36 06','abb-den@hotmail.fr','2003-10-27'),
 (301,'2A','DUVAL','MARTINE',2,'Plobsheim','07 84 73 59 85','d-marti@hotmail.fr','2005-07-02'),
 (302,'1GA','BEGUERIE','MARCEL',1,'Strasbourg','06 11 91 25 56','beguerie.mar@wanadoo.fr','2003-09-15'),
 (303,'TSTIC','MANCINI','ALBERT',1,'Plobsheim','07 32 80 38 75','mancini.albert@gmail.com','2003-02-11'),
 (304,'2A','SOUBEIRAT','JOSIANE',2,'Entzheim','06 87 35 04 30','soubejosiane@free.fr','2003-01-03'),
 (305,'2D','NGEUNDAPE','JOEL',1,'Strasbourg','07 53 76 53 17','ngeunda.j@gmail.com','2004-02-18'),
 (306,'2A','BARBEDETTE','GERARD',1,'Strasbourg','07 43 60 10 60','barbedettegerard@laposte.net','2005-01-13'),
 (307,'1STID','KNIS','JEAN',1,'Schiltigheim','06 35 61 86 27','kni_jean@hotmail.fr','2004-10-02'),
 (308,'TGA','SENEGAS','JULIEN',1,'La Wantzenau','06 44 56 29 27','senegasjulien@gmail.com','2001-10-26'),
 (309,'1GB','SANSONNETTI','FABIENNE',2,'Strasbourg','06 34 38 92 53','sansonnetti_fabien@gmail.com','2003-06-17'),
 (310,'2A','ABUBAKAROV','JEROME',1,'Bischheim','06 65 97 23 71','abu.je@sfr.fr','2004-01-10'),
 (311,'1STIA','PETARD','JOSEPH',1,'Ostwald','06 32 87 51 43','petardjoseph@wanadoo.fr','2005-12-08'),
 (312,'1GC','KHENG','MARIE',2,'Illkirch-Graffenstaden','07 65 97 49 86','khen_mar@wanadoo.fr','2004-06-22'),
 (313,'2C','RAMETTE','HENRI',1,'Strasbourg','07 04 74 76 96','ramette-henri@gmail.com','2006-12-10'),
 (314,'1STIA','JIQUEL','LA',2,'Strasbourg','06 01 52 51 33','jiquel-la@gmail.com','2005-02-08'),
 (315,'TGB','GELISSEN','LOUIS',1,'Strasbourg','06 81 04 07 21','g_louis@hotmail.fr','2003-01-18'),
 (316,'2E','MARSAUDON','MARC',1,'Strasbourg','06 58 32 19 21','m-marc@hotmail.fr','2004-06-21'),
 (317,'1GA','AUVIN','DOMINIQUE',1,'Strasbourg','07 77 63 81 63','auvin.d@wanadoo.fr','2003-04-04'),
 (318,'1GC','MOUGEL','TOUFIK',1,'Strasbourg','06 40 42 38 29','mougel.toufik@gmail.com','2005-02-01'),
 (319,'2F','LE JONCOUR','CHRISTOPHE',1,'Strasbourg','06 74 01 55 88','lejonc-chris@gmail.com','2003-03-27'),
 (320,'1GC','MICHELET','PAUL',1,'Bischheim','06 30 45 14 63','mi_pa@hotmail.fr','2005-11-10'),
 (321,'1GA','SARRIAU','MICHEL',1,'Strasbourg','07 32 84 50 22','sarriau_michel@hotmail.fr','2005-08-14'),
 (322,'1GB','BA','LUCIENNE',2,'Strasbourg','06 21 90 88 89','ba-lucienne@gmail.com','2005-04-18'),
 (323,'1STID','DUMAINE','FERNANDE',2,'Strasbourg','07 74 65 71 70','dumaine-f@laposte.net','2004-11-10'),
 (324,'2E','LOPEZ','JOSEPH',1,'Ostwald','07 96 00 39 74','lopezjo@free.fr','2005-05-21'),
 (325,'2B','DURGUE','LUCIEN',1,'Strasbourg','07 47 56 78 82','dur-luc@hotmail.fr','2003-02-09'),
 (326,'2C','TISSOT','ROMAIN',1,'Strasbourg','07 53 70 66 19','tissromain@sfr.fr','2004-01-08'),
 (327,'2E','DEROO','GERARD',1,'Strasbourg','06 72 26 37 32','d_gerard@free.fr','2005-04-14'),
 (328,'1STID','MANNAI','LAURE',2,'Schiltigheim','06 18 70 12 24','mannai-l@gmail.com','2005-02-15'),
 (329,'TSTIB','HELLAL','PAUL',1,'Strasbourg','07 42 70 72 62','hellal_pau@hotmail.fr','2004-05-03'),
 (330,'1STID','MANSOURI','ROBERT',1,'Niederhausbergen','07 73 97 72 33','man_r@sfr.fr','2003-02-11'),
 (331,'2F','METTEL','FLORIMOND',1,'Strasbourg','07 96 55 69 40','m.florimond@hotmail.fr','2003-11-22'),
 (332,'2D','HADDAD','PASCALE',2,'Bischheim','06 86 80 33 52','haddad_pas@sfr.fr','2004-09-01'),
 (333,'TSTID','KERGONNA','JACKY',1,'Strasbourg','06 39 85 39 45','kergonna_jacky@sfr.fr','2003-08-06'),
 (334,'1GC','FAUVARQUE','MARIE',2,'Strasbourg','06 42 83 29 87','fauvarque-m@gmail.com','2003-04-04'),
 (335,'1GA','DIANA','PHILIPPE',1,'Strasbourg','07 95 60 18 28','diana-philippe@hotmail.fr','2005-03-11'),
 (336,'TSTIC','BAILLET','MARINETTE',2,'Eschau','07 34 96 99 78','bailletmarinette@sfr.fr','2002-06-27'),
 (337,'1GA','LEFOULON','GARCIA',1,'Vendenheim','07 53 34 20 52','lefoulon_garcia@laposte.net','2005-03-27'),
 (338,'2B','DELAUNAY','GUY',1,'Eckbolsheim','07 16 22 90 89','delaunay.guy@hotmail.fr','2005-07-21'),
 (339,'2F','PASCAL','DANIEL',1,'Strasbourg','07 23 82 68 10','pasca_d@wanadoo.fr','2005-02-20'),
 (340,'1STIA','NAWTOCKYJ','ISABELLE',2,'Strasbourg','07 66 58 12 93','nawtockyj_isa@hotmail.fr','2003-08-25'),
 (341,'1GA','JOUBERT','CHRISTIANE',2,'Strasbourg','06 25 83 89 76','joub-christiane@laposte.net','2004-02-21'),
 (342,'2E','ZINCK','CORINNE',2,'La Wantzenau','06 91 32 35 66','zi-corinne@gmail.com','2003-12-13'),
 (343,'TSTIB','LE BRONZE','CHRISTOPHER',1,'Bischheim','07 99 83 77 55','lebronze_christoph@sfr.fr','2004-10-02'),
 (344,'2B','SAHLI','GEORGES',1,'Strasbourg','07 35 74 10 10','sahli-georges@hotmail.fr','2004-09-18'),
 (345,'1GA','LEBON','MARIE',2,'Strasbourg','06 20 76 70 69','lebon_mari@gmail.com','2002-08-10'),
 (346,'TSITA','VERDIN','DRAMANE',1,'Schiltigheim','07 26 03 87 73','verdin.d@free.fr','2004-09-02'),
 (347,'TSTIC','TOURTE','DIDIER',1,'Strasbourg','07 04 59 80 53','tourte-didier@gmail.com','2001-10-24'),
 (348,'1STIC','CHELLAH','MARIE',2,'Lingolsheim','07 28 16 44 03','chellahma@free.fr','2003-04-24'),
 (349,'TGC','GULERNE','ALAIN',1,'Strasbourg','06 02 03 03 62','gu_a@wanadoo.fr','2003-12-07'),
 (350,'1STIB','TAIEB','MICHEL',1,'Strasbourg','07 91 16 27 04','taieb.miche@free.fr','2004-01-26'),
 (351,'TGB','PROVOST','JEAN',1,'Schiltigheim','07 56 66 12 29','provost_jean@wanadoo.fr','2003-05-19'),
 (352,'2C','SGARD','LOUISE',2,'Hoenheim','07 91 67 87 08','sg_l@wanadoo.fr','2004-02-24'),
 (353,'TGA','RAILLARD','ROGER',1,'Schiltigheim','07 06 21 29 91','raillard.roge@wanadoo.fr','2004-12-04'),
 (354,'1GB','CHUNG','ALAIN',1,'Strasbourg','07 08 10 35 05','chun-alain@hotmail.fr','2005-12-16'),
 (355,'2F','CANGRAND','PATRICIA',2,'Hoenheim','06 43 87 00 94','cangrand_patricia@free.fr','2005-05-30'),
 (356,'1STIA','GUILBAULT','PHILIPPE',1,'Oberhausbergen','06 54 18 17 47','guilbault_ph@wanadoo.fr','2005-03-10'),
 (357,'TGC','MARCOMBE','ERWAN',1,'Illkirch-Graffenstaden','06 47 18 61 63','marcombe_erwan@gmail.com','2004-09-30'),
 (358,'2F','MOTILLON','BERNARD',1,'Strasbourg','07 48 24 47 33','motillon.bernard@free.fr','2004-03-26'),
 (359,'TGA','KUBACKI','NOEL',1,'Fegersheim','06 35 75 10 28','kubacki-n@hotmail.fr','2003-03-18'),
 (360,'1STIC','ARDIACA','EUGENIE',2,'Schiltigheim','07 49 96 86 42','ardi.eugenie@hotmail.fr','2003-05-13'),
 (361,'2C','CAZANAVE','PIERRE',1,'Strasbourg','07 33 42 41 28','cazanave.pierre@wanadoo.fr','2005-01-29'),
 (362,'2F','GAGNAIRE','PIERRE',1,'Ostwald','06 81 45 14 90','gagn-pie@sfr.fr','2003-02-05'),
 (363,'TGC','DUBOIS','KERSTIN',2,'Strasbourg','07 55 22 98 66','dub-kerstin@wanadoo.fr','2004-07-25'),
 (364,'TGA','DAMIAN','ANDRE',1,'Illkirch-Graffenstaden','06 92 34 94 78','damian_an@hotmail.fr','2004-06-14'),
 (365,'1STID','PATIENT','PHILIPPE',1,'Strasbourg','06 36 08 45 64','pa-philippe@sfr.fr','2005-07-27'),
 (366,'1STIC','CAILLABA LISSORGUES','FRANCOIS',1,'Strasbourg','06 81 77 97 09','cailla_francois@hotmail.fr','2005-06-18'),
 (367,'2D','BOYER','FLORENCE',2,'Strasbourg','06 55 50 67 01','boy.fl@wanadoo.fr','2004-06-13'),
 (368,'TSTIC','ROLLIN','RICHARD',1,'Strasbourg','06 12 50 76 35','roric@sfr.fr','2003-08-09'),
 (369,'1GA','BOURREAU','GEORGES',1,'Strasbourg','06 62 41 32 60','bourreau-ge@free.fr','2003-11-07'),
 (370,'2B','DUBOIS','TAIB',1,'Strasbourg','07 42 48 45 59','dubois.taib@sfr.fr','2004-11-20'),
 (371,'TSITA','RICHARD','THIERRY',1,'Eckbolsheim','06 55 26 65 05','richard.thierry@laposte.net','2001-01-03'),
 (372,'TGC','BARNEDES','FERNAND',1,'Strasbourg','06 72 29 80 64','barnedes_fernand@laposte.net','2004-11-16'),
 (373,'2A','MILI','FRANCOISE',2,'Strasbourg','06 72 31 91 70','mili-francoise@laposte.net','2005-07-02'),
 (374,'TGA','HERNANDEZ','LEO',1,'Strasbourg','06 54 33 11 23','hernandeleo@gmail.com','2004-12-31'),
 (375,'TSTID','LEBEAU','NELLY',2,'Schiltigheim','07 22 11 27 70','le.nelly@laposte.net','2004-04-11'),
 (376,'1GA','MATIAS VIEIRA','PIERRE',1,'Bischheim','06 05 06 49 26','matiasvieira-pie@hotmail.fr','2003-10-02'),
 (377,'2A','ROULIER','MARIE',2,'Strasbourg','07 87 52 16 26','rouliermar@gmail.com','2006-10-14'),
 (378,'2C','BOULAY','SARAH',2,'Strasbourg','06 14 06 74 86','bou.sarah@gmail.com','2003-12-12'),
 (379,'1STIA','VIOLETTE','BARBARA',2,'Schiltigheim','07 09 40 97 88','viol_barbara@laposte.net','2005-07-09'),
 (380,'TSTIC','GOUJON','CLAUDE',1,'Ostwald','06 51 60 13 79','goujon-claud@free.fr','2003-06-14'),
 (381,'2B','BRUNET','OLIVIER',1,'Strasbourg','06 82 77 73 25','bolivier@wanadoo.fr','2003-06-23'),
 (382,'TGC','HERENT','ANDRE',1,'Mittelhausbergen','06 70 27 12 21','herent.a@gmail.com','2004-05-16'),
 (383,'1STIB','BAILLEUL','MARTINE',2,'Strasbourg','07 04 11 05 05','bailleul-martine@hotmail.fr','2005-07-26'),
 (384,'2C','KHAYAT','CLAUDE',1,'Reichstett','06 67 22 31 54','kclaude@laposte.net','2003-09-17'),
 (385,'2C','LUCAS','MARTINE',2,'Strasbourg','06 49 26 59 89','lucas.m@free.fr','2004-11-27'),
 (386,'2D','VERGNES','MICHEL',1,'Strasbourg','07 74 72 88 15','vergnemi@gmail.com','2003-06-22'),
 (387,'1STIB','TORRES','SLIMANE',1,'Bischheim','07 76 10 57 17','t_slimane@wanadoo.fr','2003-07-28'),
 (388,'2F','CERTES','JEAN',2,'Illkirch-Graffenstaden','07 80 55 48 90','cert_jean@gmail.com','2003-05-26'),
 (389,'TSTIB','BONNET','CLARA',2,'Strasbourg','07 71 43 06 99','bonn-c@sfr.fr','2003-09-21'),
 (390,'2F','MARQUANT','JOSETTE',2,'Eckbolsheim','07 03 56 91 04','marquantjosette@gmail.com','2006-08-18'),
 (391,'1STIC','DECOOPMAN','DAVID',1,'Strasbourg','06 11 35 99 94','decoopman.david@laposte.net','2003-08-03'),
 (392,'2A','CADORET','PASCAL',1,'Strasbourg','06 46 10 34 69','c.pascal@wanadoo.fr','2003-10-28'),
 (393,'1STIA','LAGREVE','DAVID',1,'Strasbourg','07 48 30 55 70','lagreve-david@gmail.com','2003-05-08'),
 (394,'TSTID','DAVID','ODILE',2,'Plobsheim','06 87 18 80 70','davidodile@free.fr','2003-11-03'),
 (395,'TSTIB','BERNARD','PIERRE',1,'Strasbourg','07 24 04 15 39','bernard.pie@wanadoo.fr','2003-10-06'),
 (396,'1GB','HANNA','HENRI',1,'Strasbourg','06 29 26 04 00','hanhenri@gmail.com','2003-01-25'),
 (397,'2E','MARTINEZ','MICHEL',1,'Vendenheim','06 60 06 56 01','martimichel@laposte.net','2004-10-07'),
 (398,'TSITA','BAILLOT','PIERRE',1,'Souffelweyersheim','07 87 64 05 04','baillot_p@gmail.com','2003-06-05'),
 (399,'1GB','BEZIAT','GERARD',1,'Strasbourg','06 76 36 81 14','beziagera@gmail.com','2003-06-29'),
 (400,'TGA','DEFAY','CHRISTIANE',2,'Strasbourg','07 82 08 82 26','defay.christiane@gmail.com','2004-02-01'),
 (401,'2E','GIGANTI','RAYMOND',1,'Strasbourg','07 11 66 77 26','gigantiraymond@free.fr','2005-09-11'),
 (402,'1STIA','HAAG','ALEXANDRE',1,'Strasbourg','07 06 56 25 51','ha_alexa@free.fr','2005-01-06'),
 (403,'1STIC','HENOUX','JULES',1,'Strasbourg','06 36 59 11 13','henoux-j@hotmail.fr','2003-02-02'),
 (404,'2A','SLASSI','JOSEPH',1,'Strasbourg','07 45 00 21 18','slassi_josep@laposte.net','2005-09-11'),
 (405,'TSTIC','GIRAUD','LUIGI',1,'Holtzheim','07 51 61 73 31','gi.lui@hotmail.fr','2001-06-30'),
 (406,'2A','BONNENFANT','JOSEPH',1,'Bischheim','06 84 47 06 37','bo-joseph@hotmail.fr','2004-07-14'),
 (407,'1GA','YANG','GEORGES',1,'Strasbourg','07 14 17 41 92','yang.georges@laposte.net','2004-03-20'),
 (408,'2B','PROSPER','MARIE',2,'Hangenbieten','07 13 20 33 60','prospe_marie@hotmail.fr','2004-03-31'),
 (409,'1STIC','JEAN','MICHEL',1,'Lipsheim','07 43 44 89 61','je-m@free.fr','2005-12-11'),
 (410,'TGB','BOCQUET','FERNAND',1,'Wolfisheim','06 68 31 97 35','bocquet-fernan@laposte.net','2003-06-17'),
 (411,'TGB','GRAVIER','HENRI',1,'Strasbourg','07 20 43 04 90','gr_henri@wanadoo.fr','2004-09-22'),
 (412,'1STIB','DESCHAMPS','PHILIPPE',2,'Kolbsheim','06 42 98 09 47','deschamps-philippe@wanadoo.fr','2004-01-28'),
 (413,'1STIB','CHAPLEAU','PIERRE',1,'Strasbourg','06 44 47 30 42','chapl.pierre@laposte.net','2005-02-11'),
 (414,'1STIA','POTEVIN','PAUL',1,'Schiltigheim','07 92 24 35 51','potevinpaul@gmail.com','2003-06-02'),
 (415,'1GA','VEDRENNE','CLAIRE',2,'Strasbourg','07 78 78 29 69','vedrenne_claire@laposte.net','2004-09-25'),
 (416,'1GB','BUGE','LOUIS',1,'Strasbourg','07 28 45 71 73','bu_louis@free.fr','2004-09-16'),
 (417,'1GB','AUBEUX','ANNICK',2,'Strasbourg','06 14 33 71 79','aubeannick@hotmail.fr','2005-11-22'),
 (418,'2D','GALET','ERNEST',1,'Illkirch-Graffenstaden','07 11 07 77 48','galet_ernest@laposte.net','2005-12-16'),
 (419,'1GC','PETIT','CATHERINE',2,'Illkirch-Graffenstaden','07 17 43 87 76','petit-catherine@sfr.fr','2003-07-28'),
 (420,'2D','RAKOTOMALALA','YVES',1,'Strasbourg','07 73 90 14 56','rakotomala-yve@wanadoo.fr','2003-08-21'),
 (421,'TGC','RUE J','BAPTISTE',1,'Ostwald','07 14 40 17 37','ruej.baptiste@wanadoo.fr','2004-11-16'),
 (422,'2A','PIERRUGUES','YVES',1,'Strasbourg','06 20 42 93 47','pierrugues_yve@laposte.net','2003-06-08'),
 (423,'2A','FALEK','YVES',1,'Strasbourg','06 76 58 36 15','falek-yves@hotmail.fr','2005-09-13'),
 (424,'TSTIB','JESSU','SERGE',1,'Entzheim','06 74 58 50 24','je_serg@hotmail.fr','2004-11-05'),
 (425,'1GB','MARON','ROGER',1,'Strasbourg','07 19 94 51 71','maron.roger@free.fr','2004-03-09'),
 (426,'1GC','BOURDONCLE','SYLVIE',2,'Strasbourg','07 62 66 49 14','bourdoncle-sylvie@wanadoo.fr','2003-05-09'),
 (427,'1STIB','WAERSCHOUWER','JOSE',1,'Strasbourg','06 60 50 21 13','w.jose@wanadoo.fr','2005-12-28'),
 (428,'TGB','XAVIER','DANIELLE',2,'Strasbourg','06 76 37 09 83','xavie_daniel@sfr.fr','2004-12-19'),
 (429,'1GC','CHAMBON','JEAN',1,'Strasbourg','06 29 82 85 09','ch_jean@hotmail.fr','2005-09-03'),
 (430,'TGC','GORCE','NICOLE',2,'Lingolsheim','07 36 48 19 65','gorce.nicole@free.fr','2003-09-11'),
 (431,'1STIC','MARTINEZ','ANGELO',1,'Schiltigheim','07 90 10 68 39','marti-angelo@gmail.com','2005-12-10'),
 (432,'1GA','NADE','LOUIS',1,'Schiltigheim','06 68 46 07 82','nade_lou@hotmail.fr','2003-04-20'),
 (433,'1STIC','FISHER','ELSA',2,'Strasbourg','06 63 14 77 02','fisherelsa@laposte.net','2004-05-03'),
 (434,'TGC','DEBAB','IRENE',2,'Schiltigheim','07 90 98 26 09','debab-i@hotmail.fr','2003-08-28'),
 (435,'1GC','ROSTAN','GILBERT',1,'Geispolsheim','07 65 70 05 10','rostan-gilbe@hotmail.fr','2005-01-24'),
 (436,'1STIA','CECCOTTI','RAMON',1,'Strasbourg','06 62 43 74 07','ceccotti-ramon@wanadoo.fr','2005-04-15'),
 (437,'1GC','PERLADE','FRANCOISE',2,'Schiltigheim','07 73 63 75 91','perla.francoise@laposte.net','2003-10-31'),
 (438,'1STIC','CARLETTI','JOEL',1,'Strasbourg','06 53 89 78 10','carlet.joe@wanadoo.fr','2004-07-20'),
 (439,'2E','RIBEYROL','PATRICK',1,'Oberhausbergen','06 53 79 15 89','ribeyrol_patr@gmail.com','2005-09-03'),
 (440,'TGC','GROCQ','LOUIS',1,'Strasbourg','07 69 26 28 80','groc.louis@wanadoo.fr','2004-07-28'),
 (441,'TSTIC','CROCHU','MIREILLE',2,'Strasbourg','06 84 37 96 71','croch-mireill@sfr.fr','2004-09-10'),
 (442,'2F','LE NOHEC','CLAUDE',1,'Strasbourg','07 72 25 75 66','lenclaude@gmail.com','2003-01-26'),
 (443,'1GC','NAUDY','BERNARD',1,'La Wantzenau','07 03 98 06 39','naud-bernard@wanadoo.fr','2004-02-27'),
 (444,'1GA','SOUMAH','ERNEST',1,'Ostwald','07 02 70 08 59','soumahernest@sfr.fr','2003-06-28'),
 (445,'1STIA','PEZET','CLODIE',2,'Strasbourg','06 69 22 54 02','pezet-clodie@laposte.net','2005-03-14'),
 (446,'1GC','FELIMARD','JEAN',1,'Illkirch-Graffenstaden','07 69 80 55 44','felimard-je@laposte.net','2005-01-06'),
 (447,'1STIA','LEBARQUE','PAUL',1,'Schiltigheim','07 05 53 77 45','lebapaul@hotmail.fr','2003-01-27'),
 (448,'1STID','BLACKWELL','THIERRY',1,'Wolfisheim','07 65 43 26 67','black.thier@laposte.net','2005-10-21'),
 (449,'2F','BERGON','ALICE',2,'Illkirch-Graffenstaden','07 36 03 78 98','bergon-a@free.fr','2003-06-28'),
 (450,'2F','GABANOU','LOUISETTE',2,'Holtzheim','07 66 04 63 34','gabano.l@free.fr','2004-07-29'),
 (451,'2F','MAUDUIT','ALBERT',1,'Mundolsheim','07 96 30 21 59','m.albert@free.fr','2004-04-13'),
 (452,'TSITA','CODET','NORIA',2,'Schiltigheim','06 74 08 70 24','codet-nori@hotmail.fr','2004-02-20'),
 (453,'TSTID','DE RUYTER','IRENE',2,'Strasbourg','06 26 93 25 95','de_i@wanadoo.fr','2004-01-02'),
 (454,'TGB','RICHET','JEAN',1,'Strasbourg','06 53 46 55 74','richet.jean@sfr.fr','2004-01-02'),
 (455,'2F','JOURNET','TAREK',1,'Strasbourg','06 96 36 88 36','journet_tarek@free.fr','2003-03-03'),
 (456,'2B','GUILLERMET','MODOU',1,'Hoenheim','07 22 72 83 35','guillermet.mo@gmail.com','2003-05-30'),
 (457,'2C','DREVOT','FRANCOIS',1,'Hoenheim','07 10 61 23 81','drefrancois@free.fr','2004-07-03'),
 (458,'2C','KRUSE','GEORGETTE',2,'Geispolsheim','06 91 23 03 10','kru-ge@wanadoo.fr','2006-05-05'),
 (459,'2C','BENIER','ADRIEN',1,'Illkirch-Graffenstaden','07 79 26 21 43','benia@laposte.net','2003-07-28'),
 (460,'2C','ZAMBENETTI','CONSTANCE',2,'Strasbourg','06 72 29 49 28','zambenetti.constance@wanadoo.fr','2005-10-27'),
 (461,'2B','BLANES FERNANDEZ','SABRINA',2,'Schiltigheim','06 74 85 57 79','blanesfernasabrina@laposte.net','2004-01-27'),
 (462,'TSITA','PRESOTTO','MATHIEU',1,'Reichstett','07 58 18 51 82','presott.m@wanadoo.fr','2004-05-03'),
 (463,'TSITA','MIZIKAS','YVES',1,'Strasbourg','06 43 16 03 98','mizikas.yves@laposte.net','2003-09-06'),
 (464,'1STIB','LEDUC','PHILIPPE',1,'Strasbourg','07 89 60 06 30','leduc-ph@hotmail.fr','2004-01-20'),
 (465,'1STIC','MALPAS','MARTINE',2,'Strasbourg','06 39 73 44 30','malpa-martine@gmail.com','2003-01-31'),
 (466,'1STIC','BOURGUIGNON','JEAN',1,'Strasbourg','07 93 03 04 40','bourgui_jean@gmail.com','2005-12-11'),
 (467,'2A','FRANQUEVILLE','MONIQUE',2,'Strasbourg','07 67 79 60 01','franqu-moni@wanadoo.fr','2003-07-04'),
 (468,'TSTIB','PAUZANO','NOELLE',2,'Strasbourg','07 59 14 99 14','pauzano_noe@free.fr','2004-11-19'),
 (469,'TSTIB','BROCHARD','ARMAND',1,'Strasbourg','06 96 78 86 37','brochard-a@hotmail.fr','2003-09-09'),
 (470,'1STIB','GODILLON','PASCAL',1,'Lingolsheim','07 06 83 59 59','godillon_pascal@gmail.com','2005-04-26'),
 (471,'2F','DEBERT','ODILE',2,'Wolfisheim','06 73 29 82 05','d.odi@gmail.com','2005-04-24'),
 (472,'1STIC','DESCHAMPS','PATRICK',1,'Strasbourg','06 40 82 12 32','deschamps-patric@sfr.fr','2005-07-31'),
 (473,'2B','MESSIAS','LUDOVIC',1,'Strasbourg','06 84 86 94 75','messiasl@wanadoo.fr','2005-12-31'),
 (474,'TGC','VENET','DANIEL',1,'Strasbourg','07 96 70 20 74','venetdaniel@laposte.net','2003-01-09'),
 (475,'TSTIB','TRIBET','JEAN',1,'Strasbourg','07 44 61 48 42','tribet.jean@free.fr','2003-05-11'),
 (476,'1GA','DEGOT','GEORGES',1,'Strasbourg','07 28 48 00 54','degot-georges@free.fr','2003-09-03'),
 (477,'1GB','STRICANNE','DIDIER',1,'Lipsheim','06 35 06 43 50','strica_didier@hotmail.fr','2005-01-22'),
 (478,'2C','OLAPIDO','GUY',1,'Strasbourg','07 48 82 94 11','ol_guy@gmail.com','2005-05-23'),
 (479,'2A','HASSANALY','AUGUSTO',2,'Strasbourg','07 62 07 06 03','hassanalyaugusto@laposte.net','2003-08-01'),
 (480,'TSTIB','PINCON','JEAN',1,'Strasbourg','07 60 16 02 86','pincon.jean@laposte.net','2003-04-17'),
 (481,'1GA','VAN COMPERNOL','CAROLE',2,'Ostwald','07 68 01 41 36','vancompernolca@hotmail.fr','2005-02-08'),
 (482,'1STID','JUNCA','CYPRIEN',1,'Wolfisheim','06 03 37 46 67','j-cyprien@sfr.fr','2003-11-02'),
 (483,'1GB','QUIGNON','JACQUELINE',2,'Strasbourg','07 47 85 92 19','quignonjacqueline@gmail.com','2005-02-23'),
 (484,'2B','FONTAINE','MARCEL',1,'Strasbourg','06 05 86 42 31','fontaine.marcel@laposte.net','2005-10-21'),
 (485,'1GA','AUDOUARD','YVES',1,'Plobsheim','07 82 56 09 14','audouardyves@wanadoo.fr','2004-03-13'),
 (486,'TGA','TORDJMAN','JEAN',1,'Strasbourg','06 06 95 93 92','tordjman_j@laposte.net','2003-01-07'),
 (487,'1GC','DRAY','NICOLAS',1,'Strasbourg','07 92 02 57 75','dra_nicolas@laposte.net','2003-09-23'),
 (488,'1STID','DROUX','PHILIPPE',1,'Osthoffen','07 78 89 91 08','droux.ph@laposte.net','2005-01-26'),
 (489,'2E','BA','LEONIE',2,'Schiltigheim','07 83 91 41 97','ba.leonie@wanadoo.fr','2003-06-08'),
 (490,'1GC','ARNAULT','GEORGE',1,'Strasbourg','07 55 37 17 36','arngeorge@laposte.net','2005-10-09'),
 (491,'TSITA','LE TALBODEC','MARTIN',1,'La Wantzenau','06 45 82 76 25','let_ma@wanadoo.fr','2001-02-09'),
 (492,'1STIA','GAUTAUX','CHARLOTTE',2,'Strasbourg','07 75 57 61 31','gautauxcharlotte@hotmail.fr','2005-03-18'),
 (493,'1STIA','ACHAHBAR','FRANCIS',1,'Mittelhausbergen','07 49 23 06 38','achahbarfran@free.fr','2004-09-19'),
 (494,'1STIB','BOYN','PEDRO',1,'Strasbourg','06 90 70 84 36','boynp@gmail.com','2005-12-05'),
 (495,'2D','PERUCH','DENISE',2,'La Wantzenau','06 34 13 89 35','peruch_denis@laposte.net','2005-10-14'),
 (496,'1GA','BRONNER','SAADIA',2,'Strasbourg','06 81 72 87 08','bron_saadia@gmail.com','2005-11-13'),
 (497,'1GB','CARDON','CHRISTOPHE',1,'Schiltigheim','07 59 70 13 61','cardo-christophe@free.fr','2005-04-26'),
 (498,'2A','REINARD','CHRISTOPHE',1,'Strasbourg','06 76 08 28 31','reinard.christophe@sfr.fr','2004-07-14'),
 (499,'2E','JANNEE','DAVID',1,'Wolfisheim','07 24 00 25 68','jdavid@sfr.fr','2004-04-04'),
 (500,'1GC','JANKOV','FRANCOIS',1,'Lampertheim','07 20 49 11 14','jankov_f@free.fr','2005-07-25');
INSERT INTO "groupe" VALUES ('ALL_1G1','Allemand','Allemand','REGLAIN Nathalie','premiere','générale'),
 ('ALL_1G2','Allemand','Allemand','YAHIAOUI Eric','premiere','générale'),
 ('ALL_1T1','Allemand','Allemand','FLAMAND Martine','premiere','technologique'),
 ('ALL_1T2','Allemand','Allemand','GATES Charles','premiere','technologique'),
 ('ALL_1T3','Allemand','Allemand','YAHIAOUI Eric','premiere','technologique'),
 ('ALL_1T4','Allemand','Allemand','REGLAIN Nathalie','premiere','technologique'),
 ('ALL_S1','Allemand','Allemand','GATES Charles','seconde','générale'),
 ('ALL_S2','Allemand','Allemand','REGLAIN Nathalie','seconde','générale'),
 ('ALL_S3','Allemand','Allemand','FLAMAND Martine','seconde','générale'),
 ('ALL_S4','Allemand','Allemand','GATES Charles','seconde','générale'),
 ('ALL_T1','Allemand','Allemand','FLAMAND Martine','terminale','générale'),
 ('ALL_T2','Allemand','Allemand','YAHIAOUI Eric','terminale','générale'),
 ('ALL_TT1','Allemand','Allemand','REGLAIN Nathalie','terminale','technologique'),
 ('ALL_TT2','Allemand','Allemand','FLAMAND Martine','terminale','technologique'),
 ('ALL_TT3','Allemand','Allemand','GATES Charles','terminale','technologique'),
 ('ANGL_1G1','Anglais','Anglais','VAGRY Christiane','premiere','générale'),
 ('ANGL_1G2','Anglais','Anglais','LOCICERO Elie','premiere','générale'),
 ('ANGL_1G3','Anglais','Anglais','BEBIAN Andre','premiere','générale'),
 ('ANGL_1T1','Anglais','Anglais','VAGRY Christiane','premiere','technologique'),
 ('ANGL_1T2','Anglais','Anglais','LOCICERO Elie','premiere','technologique'),
 ('ANGL_1T3','Anglais','Anglais','DJAB Iryna','premiere','technologique'),
 ('ANGL_1T4','Anglais','Anglais','BEBIAN Andre','premiere','technologique'),
 ('ANGL_S1','Anglais','Anglais','VAGRY Christiane','seconde','générale'),
 ('ANGL_S2','Anglais','Anglais','BEBIAN Andre','seconde','générale'),
 ('ANGL_S3','Anglais','Anglais','VAGRY Christiane','seconde','générale'),
 ('ANGL_S4','Anglais','Anglais','BEBIAN Andre','seconde','générale'),
 ('ANGL_S5','Anglais','Anglais','LOCICERO Elie','seconde','générale'),
 ('ANGL_S6','Anglais','Anglais','DJAB Iryna','seconde','générale'),
 ('ANGL_T1','Anglais','Anglais','BEBIAN Andre','terminale','générale'),
 ('ANGL_T2','Anglais','Anglais','BEBIAN Andre','terminale','générale'),
 ('ANGL_T3','Anglais','Anglais','LOCICERO Elie','terminale','générale'),
 ('ANGL_TT1','Anglais','Anglais','BEBIAN Andre','terminale','technologique'),
 ('ANGL_TT2','Anglais','Anglais','VAGRY Christiane','terminale','technologique'),
 ('ANGL_TT3','Anglais','Anglais','DJAB Iryna','terminale','technologique'),
 ('DEV_1T1','Développement durable','Développement durable','MORIN Claude','premiere','technologique'),
 ('DEV_TT1','Développement durable','Développement durable','KINNIG Mateusz','terminale','technologique'),
 ('ESP1G','Espagnol','Espagnol','LECLERC Andre','premiere','générale'),
 ('ESP_1T1','Espagnol','Espagnol','LECLERC Andre','premiere','technologique'),
 ('ESP_S1','Espagnol','Espagnol','LECLERC Andre','seconde','générale'),
 ('ESP_S2','Espagnol','Espagnol','MIRANDE NEY Danielle','seconde','générale'),
 ('ESP_T','Espagnol','Espagnol','MIRANDE NEY Danielle','terminale','générale'),
 ('ESP_TT','Espagnol','Espagnol','MIRANDE NEY Danielle','terminale','technologique'),
 ('Fran1GA','Français','Français','VIALLE Mehdi','premiere','générale'),
 ('Fran1GB','Français','Français','DESVIGNES Jean','premiere','générale'),
 ('Fran1GC','Français','Français','FRENCH Sandrine','premiere','générale'),
 ('Fran2A','Français','Français','HARDOUIN Lounis','seconde','générale'),
 ('Fran2B','Français','Français','DESVIGNES Jean','seconde','générale'),
 ('Fran2C','Français','Français','GAU Kaci','seconde','générale'),
 ('Fran2D','Français','Français','ROUPENEL Emilie','seconde','générale'),
 ('Fran2E','Français','Français','ANDRE Marine','seconde','générale'),
 ('Fran2F','Français','Français','FRENCH Sandrine','seconde','générale'),
 ('FranST1A','Français','Français','ROY Hugues','premiere','technologique'),
 ('FranST1B','Français','Français','FRENCH Sandrine','premiere','technologique'),
 ('FranST1C','Français','Français','GAU Kaci','premiere','technologique'),
 ('FranST1D','Français','Français','DESVIGNES Jean','premiere','technologique'),
 ('FranSTTA','Français','Français','CRESPIN Francois','terminale','technologique'),
 ('FranSTTB','Français','Français','VIALLE Mehdi','terminale','technologique'),
 ('FranSTTC','Français','Français','FRENCH Sandrine','terminale','technologique'),
 ('FranSTTD','Français','Français','KIMAKHE Gisele','terminale','technologique'),
 ('FranTGA','Français','Français','KIMAKHE Gisele','terminale','technologique'),
 ('FranTGB','Français','Français','ROY Hugues','terminale','technologique'),
 ('FranTGC','Français','Français','ROUPENEL Emilie','terminale','technologique'),
 ('GEOP1G','Spécialité géopolitique','Géopolitique','MERCIER Reine','premiere','générale'),
 ('HistGeo1GA','Histoire géographie','Histoire géographie','BAUBY Manuel','premiere','générale'),
 ('HistGeo1GB','Histoire géographie','Histoire géographie','MERCIER Reine','premiere','générale'),
 ('HistGeo1GC','Histoire géographie','Histoire géographie','LEBLANC Jacques','premiere','générale'),
 ('HistGeo2A','Histoire géographie','Histoire géographie','LEBLANC Jacques','seconde','générale'),
 ('HistGeo2B','Histoire géographie','Histoire géographie','BIVILLE Catherine','seconde','générale'),
 ('HistGeo2C','Histoire géographie','Histoire géographie','BELAMIROUCHE Marie','seconde','générale'),
 ('HistGeo2D','Histoire géographie','Histoire géographie','HUDRY Gaelle','seconde','générale'),
 ('HistGeo2E','Histoire géographie','Histoire géographie','GABET Loic','seconde','générale'),
 ('HistGeo2F','Histoire géographie','Histoire géographie','JALKANEN Robert','seconde','générale'),
 ('HistGeoST1A','Histoire géographie','Histoire géographie','MERCIER Reine','premiere','technologique'),
 ('HistGeoST1B','Histoire géographie','Histoire géographie','BAUBY Manuel','premiere','technologique'),
 ('HistGeoST1C','Histoire géographie','Histoire géographie','MERCIER Reine','premiere','technologique'),
 ('HistGeoST1D','Histoire géographie','Histoire géographie','LEBLANC Jacques','premiere','technologique'),
 ('HistGeoSTTA','Histoire géographie','Histoire géographie','BIVILLE Catherine','terminale','technologique'),
 ('HistGeoSTTB','Histoire géographie','Histoire géographie','BELAMIROUCHE Marie','terminale','technologique'),
 ('HistGeoSTTC','Histoire géographie','Histoire géographie','HUDRY Gaelle','terminale','technologique'),
 ('HistGeoSTTD','Histoire géographie','Histoire géographie','GABET Loic','terminale','technologique'),
 ('HistGeoTGA','Histoire géographie','Histoire géographie','BAUBY Manuel','terminale','générale'),
 ('HistGeoTGB','Histoire géographie','Histoire géographie','MERCIER Reine','terminale','générale'),
 ('HistGeoTGC','Histoire géographie','Histoire géographie','GABET Loic','terminale','générale'),
 ('INOV_1T1','Innovation technologique','Innovation technologique','CANU Sylvia','premiere','technologique'),
 ('INOV_TT1','Innovation technologique','Innovation technologique','BOUTET Francois','terminale','technologique'),
 ('Maths2A','Maths','Maths','VIALLANEIX Salvina','seconde','générale'),
 ('Maths2B','Maths','Maths','GLOAGUEN Bernard','seconde','générale'),
 ('Maths2C','Maths','Maths','BIGRE Simone','seconde','générale'),
 ('Maths2D','Maths','Maths','OHLEYER Rene','seconde','générale'),
 ('Maths2E','Maths','Maths','DERANSY Stephanie','seconde','générale'),
 ('Maths2F','Maths','Maths','DE TUGNY Renee','seconde','générale'),
 ('MathsST1A','Maths','Maths','GLOAGUEN Bernard','premiere','technologique'),
 ('MathsST1B','Maths','Maths','BIGRE Simone','premiere','technologique'),
 ('MathsST1C','Maths','Maths','OHLEYER Rene','premiere','technologique'),
 ('MathsST1D','Maths','Maths','DE TUGNY Renee','premiere','technologique'),
 ('MathsSTTA','Maths','Maths','DERANSY Stephanie','terminale','technologique'),
 ('MathsSTTB','Maths','Maths','DE TUGNY Renee','terminale','technologique'),
 ('MathsSTTC','Maths','Maths','GLOAGUEN Bernard','terminale','technologique'),
 ('MathsSTTD','Maths','Maths','GLOAGUEN Bernard','terminale','technologique'),
 ('NSI1GG','Numérique et sciences informatique','Numérique et sciences informatique','BERTRAND Franck','premiere','générale'),
 ('NSI_T1','Numérique et sciences informatique','Numérique et sciences informatique','PITON Vincent','terminale','générale'),
 ('PhysCh2A','Physique Chimie','Physique Chimie','PERRILLAT AMEDEE Suzette','seconde','générale'),
 ('PhysCh2B','Physique Chimie','Physique Chimie','MARTIN Jean','seconde','générale'),
 ('PhysCh2C','Physique Chimie','Physique Chimie','GARNIER Paulette','seconde','générale'),
 ('PhysCh2D','Physique Chimie','Physique Chimie','GAREL Hortense','seconde','générale'),
 ('PhysCh2E','Physique Chimie','Physique Chimie','GILLARD Christian','seconde','générale'),
 ('PhysCh2F','Physique Chimie','Physique Chimie','MORMES Maurice','seconde','générale'),
 ('PhysChST1A','Physique Chimie','Physique Chimie','LERCH Bernadette','premiere','technologique'),
 ('PhysChST1B','Physique Chimie','Physique Chimie','SANGUIGNE Sandy','premiere','technologique'),
 ('PhysChST1C','Physique Chimie','Physique Chimie','GARNIER Paulette','premiere','technologique'),
 ('PhysChST1D','Physique Chimie','Physique Chimie','GAREL Hortense','premiere','technologique'),
 ('PhysChSTTA','Physique Chimie','Physique Chimie','GILLARD Christian','terminale','technologique'),
 ('PhysChSTTB','Physique Chimie','Physique Chimie','MORMES Maurice','terminale','technologique'),
 ('PhysChSTTC','Physique Chimie','Physique Chimie','LERCH Bernadette','terminale','technologique'),
 ('PhysChSTTD','Physique Chimie','Physique Chimie','MARTIN Jean','terminale','technologique'),
 ('SI1G','Sciences de l''ingénieur','Sciences de l''ingénieur','DELAPORTE Rene','premiere','générale'),
 ('SI_1T1','Sciences informatique','Sciences informatique','CHARLEUX Laurent','premiere','technologique'),
 ('SI_T1','Sciences de l''ingénieur','Sciences de l''ingénieur','TAHRI Sadok','terminale','générale'),
 ('SI_TT1','Sciences informatique','Sciences informatique','NIGMANSKI Amelie','terminale','technologique'),
 ('SNT1','Science numérique et technologie','Science numérique et technologie','TAHRI Sadok','seconde','générale'),
 ('SNT10','Science numérique et technologie','Science numérique et technologie','OHLEYER Rene','seconde','générale'),
 ('SNT11','Science numérique et technologie','Science numérique et technologie','MORMES Maurice','seconde','générale'),
 ('SNT2','Science numérique et technologie','Science numérique et technologie','TAHRI Sadok','seconde','générale'),
 ('SNT3','Science numérique et technologie','Science numérique et technologie','OHLEYER Rene','seconde','générale'),
 ('SNT4','Science numérique et technologie','Science numérique et technologie','MORMES Maurice','seconde','générale'),
 ('SNT5','Science numérique et technologie','Science numérique et technologie','DERANSY Stephanie','seconde','générale'),
 ('SNT6','Science numérique et technologie','Science numérique et technologie','DERANSY Stephanie','seconde','générale'),
 ('SNT7','Science numérique et technologie','Science numérique et technologie','MARTIN Jean','seconde','générale'),
 ('SNT8','Science numérique et technologie','Science numérique et technologie','GARNIER Paulette','seconde','générale'),
 ('SNT9','Science numérique et technologie','Science numérique et technologie','GAREL Hortense','seconde','générale'),
 ('SPE_MATHS_T1','Spécialité Maths','Maths','OHLEYER Rene','terminale','générale'),
 ('SPE_MATHS_T2','Spécialité Maths','Maths','DERANSY Stephanie','terminale','générale'),
 ('SPE_PHYS_T1','Spécialité Maths','Maths','DE TUGNY Renee','terminale','générale'),
 ('SVT_SA','Sciences et vie de la terre','Sciences et vie de la terre','MARTIN Jean','seconde','générale'),
 ('SVT_SB','Sciences et vie de la terre','Sciences et vie de la terre','GARNIER Paulette','seconde','générale'),
 ('SVT_SC','Sciences et vie de la terre','Sciences et vie de la terre','STEPHANNE Florian','seconde','générale'),
 ('SVT_SD','Sciences et vie de la terre','Sciences et vie de la terre','MARTIN Jean','seconde','générale'),
 ('SVT_SE','Sciences et vie de la terre','Sciences et vie de la terre','GARNIER Paulette','seconde','générale'),
 ('SVT_SF','Sciences et vie de la terre','Sciences et vie de la terre','STEPHANNE Florian','seconde','générale'),
 ('SVT1G','Spécialité SVT','Sciences et vie de la terre','MARTIN Jean','seconde','générale'),
 ('SVT_T1','Spécialité SVT','Sciences et vie de la terre','GARNIER Paulette','seconde','générale'),
 ('SpeMaths1G1','Spécialité Maths','Maths','GLOAGUEN Bernard','premiere','générale'),
 ('SpeMaths1G2','Spécialité Maths','Maths','BIGRE Simone','premiere','générale'),
 ('SpeMaths1G3','Spécialité Maths','Maths','OHLEYER Rene','premiere','générale'),
 ('SpePhys1G1','Spécialité Physiques Chimie','Physique Chimie','GARNIER Paulette','premiere','générale'),
 ('SpePhys1G2','Spécialité Physiques Chimie','Physique Chimie','GAREL Hortense','premiere','générale'),
 ('SpePhys1G3','Spécialité Physiques Chimie','Physique Chimie','GILLARD Christian','premiere','générale');
INSERT INTO "Est_membre" VALUES (26,'Fran1GA'),
 (26,'HistGeo1GA'),
 (26,'SpePhys1G1'),
 (26,'SpeMaths1G1'),
 (26,'SI1G'),
 (26,'ANGL_1G1'),
 (26,'ALL_1G2'),
 (28,'Fran1GA'),
 (28,'HistGeo1GA'),
 (28,'SpePhys1G2'),
 (28,'SpeMaths1G2'),
 (28,'SVT1G'),
 (28,'ANGL_1G2'),
 (28,'ALL_1G1'),
 (60,'Fran1GA'),
 (60,'HistGeo1GA'),
 (60,'SpeMaths1G2'),
 (60,'NSI1GG'),
 (60,'SI1G'),
 (60,'ANGL_1G1'),
 (60,'ESP1G'),
 (64,'Fran1GA'),
 (64,'HistGeo1GA'),
 (64,'SpePhys1G2'),
 (64,'SpeMaths1G2'),
 (64,'SI1G'),
 (64,'ANGL_1G2'),
 (64,'ESP1G'),
 (70,'Fran1GA'),
 (70,'HistGeo1GA'),
 (70,'SpePhys1G1'),
 (70,'SpeMaths1G3'),
 (70,'SI1G'),
 (70,'ANGL_1G1'),
 (70,'ALL_1G1'),
 (91,'Fran1GA'),
 (91,'HistGeo1GA'),
 (91,'SpeMaths1G3'),
 (91,'NSI1GG'),
 (91,'SVT1G'),
 (91,'ANGL_1G1'),
 (91,'ALL_1G1'),
 (97,'Fran1GA'),
 (97,'HistGeo1GA'),
 (97,'SpePhys1G1'),
 (97,'SVT1G'),
 (97,'GEOP1G'),
 (97,'ANGL_1G2'),
 (97,'ESP1G'),
 (98,'Fran1GA'),
 (98,'HistGeo1GA'),
 (98,'SpePhys1G1'),
 (98,'SpeMaths1G1'),
 (98,'SVT1G'),
 (98,'ANGL_1G3'),
 (98,'ESP1G'),
 (102,'Fran1GA'),
 (102,'HistGeo1GA'),
 (102,'SpeMaths1G3'),
 (102,'SVT1G'),
 (102,'GEOP1G'),
 (102,'ANGL_1G1'),
 (102,'ALL_1G1'),
 (119,'Fran1GA'),
 (119,'HistGeo1GA'),
 (119,'SpePhys1G1'),
 (119,'SpeMaths1G1'),
 (119,'NSI1GG'),
 (119,'ANGL_1G3'),
 (119,'ALL_1G1'),
 (226,'Fran1GA'),
 (226,'HistGeo1GA'),
 (226,'SpePhys1G3'),
 (226,'SpeMaths1G1'),
 (226,'SVT1G'),
 (226,'ANGL_1G3'),
 (226,'ALL_1G1'),
 (249,'Fran1GA'),
 (249,'HistGeo1GA'),
 (249,'SpePhys1G1'),
 (249,'SVT1G'),
 (249,'GEOP1G'),
 (249,'ANGL_1G2'),
 (249,'ALL_1G1'),
 (255,'Fran1GA'),
 (255,'HistGeo1GA'),
 (255,'SpeMaths1G1'),
 (255,'NSI1GG'),
 (255,'SI1G'),
 (255,'ANGL_1G2'),
 (255,'ALL_1G1'),
 (272,'Fran1GA'),
 (272,'HistGeo1GA'),
 (272,'SpeMaths1G2'),
 (272,'NSI1GG'),
 (272,'GEOP1G'),
 (272,'ANGL_1G2'),
 (272,'ALL_1G1'),
 (273,'Fran1GA'),
 (273,'HistGeo1GA'),
 (273,'SpeMaths1G3'),
 (273,'SVT1G'),
 (273,'GEOP1G'),
 (273,'ANGL_1G1'),
 (273,'ESP1G'),
 (302,'Fran1GA'),
 (302,'HistGeo1GA'),
 (302,'SpeMaths1G2'),
 (302,'SVT1G'),
 (302,'GEOP1G'),
 (302,'ANGL_1G2'),
 (302,'ESP1G'),
 (317,'Fran1GA'),
 (317,'HistGeo1GA'),
 (317,'SpePhys1G3'),
 (317,'SVT1G'),
 (317,'GEOP1G'),
 (317,'ANGL_1G3'),
 (317,'ESP1G'),
 (321,'Fran1GA'),
 (321,'HistGeo1GA'),
 (321,'SpePhys1G3'),
 (321,'SpeMaths1G2'),
 (321,'GEOP1G'),
 (321,'ANGL_1G3'),
 (321,'ALL_1G2'),
 (335,'Fran1GA'),
 (335,'HistGeo1GA'),
 (335,'SpeMaths1G1'),
 (335,'SI1G'),
 (335,'SVT1G'),
 (335,'ANGL_1G1'),
 (335,'ALL_1G2'),
 (337,'Fran1GA'),
 (337,'HistGeo1GA'),
 (337,'SpeMaths1G3'),
 (337,'NSI1GG'),
 (337,'GEOP1G'),
 (337,'ANGL_1G1'),
 (337,'ESP1G'),
 (341,'Fran1GA'),
 (341,'HistGeo1GA'),
 (341,'SpePhys1G1'),
 (341,'SpeMaths1G1'),
 (341,'SI1G'),
 (341,'ANGL_1G2'),
 (341,'ESP1G'),
 (345,'Fran1GA'),
 (345,'HistGeo1GA'),
 (345,'SpeMaths1G2'),
 (345,'SI1G'),
 (345,'GEOP1G'),
 (345,'ANGL_1G2'),
 (345,'ALL_1G1'),
 (369,'Fran1GA'),
 (369,'HistGeo1GA'),
 (369,'SpePhys1G1'),
 (369,'NSI1GG'),
 (369,'SVT1G'),
 (369,'ANGL_1G1'),
 (369,'ESP1G'),
 (376,'Fran1GA'),
 (376,'HistGeo1GA'),
 (376,'SpePhys1G3'),
 (376,'SpeMaths1G3'),
 (376,'SI1G'),
 (376,'ANGL_1G1'),
 (376,'ESP1G'),
 (407,'Fran1GA'),
 (407,'HistGeo1GA'),
 (407,'SpeMaths1G2'),
 (407,'NSI1GG'),
 (407,'SVT1G'),
 (407,'ANGL_1G2'),
 (407,'ESP1G'),
 (415,'Fran1GA'),
 (415,'HistGeo1GA'),
 (415,'SpePhys1G3'),
 (415,'SpeMaths1G3'),
 (415,'SVT1G'),
 (415,'ANGL_1G3'),
 (415,'ALL_1G1'),
 (432,'Fran1GA'),
 (432,'HistGeo1GA'),
 (432,'SpeMaths1G1'),
 (432,'SI1G'),
 (432,'GEOP1G'),
 (432,'ANGL_1G3'),
 (432,'ALL_1G1'),
 (444,'Fran1GA'),
 (444,'HistGeo1GA'),
 (444,'SpePhys1G3'),
 (444,'SpeMaths1G3'),
 (444,'SI1G'),
 (444,'ANGL_1G1'),
 (444,'ALL_1G1'),
 (476,'Fran1GA'),
 (476,'HistGeo1GA'),
 (476,'SpePhys1G3'),
 (476,'SpeMaths1G3'),
 (476,'SI1G'),
 (476,'ANGL_1G2'),
 (476,'ALL_1G1'),
 (481,'Fran1GA'),
 (481,'HistGeo1GA'),
 (481,'SpePhys1G1'),
 (481,'SpeMaths1G1'),
 (481,'GEOP1G'),
 (481,'ANGL_1G1'),
 (481,'ALL_1G2'),
 (485,'Fran1GA'),
 (485,'HistGeo1GA'),
 (485,'SpeMaths1G1'),
 (485,'SVT1G'),
 (485,'GEOP1G'),
 (485,'ANGL_1G2'),
 (485,'ALL_1G1'),
 (496,'Fran1GA'),
 (496,'HistGeo1GA'),
 (496,'SpeMaths1G3'),
 (496,'SI1G'),
 (496,'GEOP1G'),
 (496,'ANGL_1G3'),
 (496,'ALL_1G2'),
 (25,'Fran1GB'),
 (25,'HistGeo1GB'),
 (25,'SpePhys1G2'),
 (25,'NSI1GG'),
 (25,'GEOP1G'),
 (25,'ANGL_1G1'),
 (25,'ALL_1G1'),
 (41,'Fran1GB'),
 (41,'HistGeo1GB'),
 (41,'SpeMaths1G2'),
 (41,'NSI1GG'),
 (41,'SVT1G'),
 (41,'ANGL_1G3'),
 (41,'ALL_1G2'),
 (69,'Fran1GB'),
 (69,'HistGeo1GB'),
 (69,'SpePhys1G1'),
 (69,'SpeMaths1G1'),
 (69,'SVT1G'),
 (69,'ANGL_1G2'),
 (69,'ESP1G'),
 (74,'Fran1GB'),
 (74,'HistGeo1GB'),
 (74,'SpePhys1G1'),
 (74,'SpeMaths1G1'),
 (74,'SI1G'),
 (74,'ANGL_1G3'),
 (74,'ALL_1G2'),
 (83,'Fran1GB'),
 (83,'HistGeo1GB'),
 (83,'SpePhys1G3'),
 (83,'SpeMaths1G3'),
 (83,'SVT1G'),
 (83,'ANGL_1G1'),
 (83,'ESP1G'),
 (174,'Fran1GB'),
 (174,'HistGeo1GB'),
 (174,'SpePhys1G1'),
 (174,'SpeMaths1G2'),
 (174,'GEOP1G'),
 (174,'ANGL_1G1'),
 (174,'ESP1G'),
 (200,'Fran1GB'),
 (200,'HistGeo1GB'),
 (200,'SpeMaths1G2'),
 (200,'NSI1GG'),
 (200,'SI1G'),
 (200,'ANGL_1G1'),
 (200,'ESP1G'),
 (214,'Fran1GB'),
 (214,'HistGeo1GB'),
 (214,'SpeMaths1G2'),
 (214,'SVT1G'),
 (214,'GEOP1G'),
 (214,'ANGL_1G2'),
 (214,'ALL_1G1'),
 (218,'Fran1GB'),
 (218,'HistGeo1GB'),
 (218,'SpeMaths1G2'),
 (218,'SI1G'),
 (218,'SVT1G'),
 (218,'ANGL_1G2'),
 (218,'ALL_1G2'),
 (245,'Fran1GB'),
 (245,'HistGeo1GB'),
 (245,'SpePhys1G1'),
 (245,'SpeMaths1G1'),
 (245,'GEOP1G'),
 (245,'ANGL_1G2'),
 (245,'ALL_1G1'),
 (251,'Fran1GB'),
 (251,'HistGeo1GB'),
 (251,'SpeMaths1G1'),
 (251,'NSI1GG'),
 (251,'GEOP1G'),
 (251,'ANGL_1G3'),
 (251,'ALL_1G1'),
 (281,'Fran1GB'),
 (281,'HistGeo1GB'),
 (281,'SpePhys1G1'),
 (281,'SpeMaths1G1'),
 (281,'SI1G'),
 (281,'ANGL_1G2'),
 (281,'ESP1G'),
 (309,'Fran1GB'),
 (309,'HistGeo1GB'),
 (309,'SpePhys1G3'),
 (309,'SI1G'),
 (309,'GEOP1G'),
 (309,'ANGL_1G1'),
 (309,'ESP1G'),
 (322,'Fran1GB'),
 (322,'HistGeo1GB'),
 (322,'SpePhys1G3'),
 (322,'SpeMaths1G2'),
 (322,'SVT1G'),
 (322,'ANGL_1G3'),
 (322,'ESP1G'),
 (354,'Fran1GB'),
 (354,'HistGeo1GB'),
 (354,'SpePhys1G1'),
 (354,'SpeMaths1G2'),
 (354,'SI1G'),
 (354,'ANGL_1G3'),
 (354,'ESP1G'),
 (396,'Fran1GB'),
 (396,'HistGeo1GB'),
 (396,'SpePhys1G1'),
 (396,'SpeMaths1G3'),
 (396,'SVT1G'),
 (396,'ANGL_1G3'),
 (396,'ALL_1G2'),
 (399,'Fran1GB'),
 (399,'HistGeo1GB'),
 (399,'SpePhys1G2'),
 (399,'SpeMaths1G2'),
 (399,'NSI1GG'),
 (399,'ANGL_1G1'),
 (399,'ALL_1G2'),
 (416,'Fran1GB'),
 (416,'HistGeo1GB'),
 (416,'SpeMaths1G3'),
 (416,'SI1G'),
 (416,'GEOP1G'),
 (416,'ANGL_1G1'),
 (416,'ALL_1G2'),
 (417,'Fran1GB'),
 (417,'HistGeo1GB'),
 (417,'SpePhys1G2'),
 (417,'SpeMaths1G3'),
 (417,'SI1G'),
 (417,'ANGL_1G1'),
 (417,'ESP1G'),
 (425,'Fran1GB'),
 (425,'HistGeo1GB'),
 (425,'SpePhys1G2'),
 (425,'NSI1GG'),
 (425,'GEOP1G'),
 (425,'ANGL_1G2'),
 (425,'ALL_1G2'),
 (477,'Fran1GB'),
 (477,'HistGeo1GB'),
 (477,'SpePhys1G2'),
 (477,'SpeMaths1G3'),
 (477,'GEOP1G'),
 (477,'ANGL_1G2'),
 (477,'ESP1G'),
 (483,'Fran1GB'),
 (483,'HistGeo1GB'),
 (483,'SpeMaths1G3'),
 (483,'SVT1G'),
 (483,'GEOP1G'),
 (483,'ANGL_1G1'),
 (483,'ALL_1G2'),
 (497,'Fran1GB'),
 (497,'HistGeo1GB'),
 (497,'SpeMaths1G3'),
 (497,'SI1G'),
 (497,'GEOP1G'),
 (497,'ANGL_1G2'),
 (497,'ESP1G'),
 (77,'Fran1GC'),
 (77,'HistGeo1GC'),
 (77,'SpeMaths1G1'),
 (77,'NSI1GG'),
 (77,'SI1G'),
 (77,'ANGL_1G3'),
 (77,'ALL_1G2'),
 (118,'Fran1GC'),
 (118,'HistGeo1GC'),
 (118,'SpePhys1G3'),
 (118,'SpeMaths1G2'),
 (118,'SI1G'),
 (118,'ANGL_1G3'),
 (118,'ALL_1G1'),
 (129,'Fran1GC'),
 (129,'HistGeo1GC'),
 (129,'SpeMaths1G2'),
 (129,'SI1G'),
 (129,'SVT1G'),
 (129,'ANGL_1G3'),
 (129,'ALL_1G2'),
 (141,'Fran1GC'),
 (141,'HistGeo1GC'),
 (141,'SpePhys1G1'),
 (141,'SpeMaths1G3'),
 (141,'SI1G'),
 (141,'ANGL_1G3'),
 (141,'ALL_1G1'),
 (160,'Fran1GC'),
 (160,'HistGeo1GC'),
 (160,'SpePhys1G2'),
 (160,'SpeMaths1G3'),
 (160,'SVT1G'),
 (160,'ANGL_1G2'),
 (160,'ALL_1G2'),
 (168,'Fran1GC'),
 (168,'HistGeo1GC'),
 (168,'SpePhys1G3'),
 (168,'SpeMaths1G2'),
 (168,'GEOP1G'),
 (168,'ANGL_1G3'),
 (168,'ALL_1G2'),
 (208,'Fran1GC'),
 (208,'HistGeo1GC'),
 (208,'SpeMaths1G3'),
 (208,'NSI1GG'),
 (208,'SI1G'),
 (208,'ANGL_1G2'),
 (208,'ALL_1G2'),
 (222,'Fran1GC'),
 (222,'HistGeo1GC'),
 (222,'SpePhys1G3'),
 (222,'SpeMaths1G3'),
 (222,'NSI1GG'),
 (222,'ANGL_1G1'),
 (222,'ALL_1G2'),
 (229,'Fran1GC'),
 (229,'HistGeo1GC'),
 (229,'SpePhys1G1'),
 (229,'SpeMaths1G1'),
 (229,'SVT1G'),
 (229,'ANGL_1G1'),
 (229,'ALL_1G1'),
 (246,'Fran1GC'),
 (246,'HistGeo1GC'),
 (246,'SpePhys1G1'),
 (246,'SpeMaths1G1'),
 (246,'SI1G'),
 (246,'ANGL_1G3'),
 (246,'ESP1G'),
 (264,'Fran1GC'),
 (264,'HistGeo1GC'),
 (264,'SpePhys1G1'),
 (264,'SpeMaths1G1'),
 (264,'NSI1GG'),
 (264,'ANGL_1G1'),
 (264,'ALL_1G2'),
 (271,'Fran1GC'),
 (271,'HistGeo1GC'),
 (271,'SpeMaths1G2'),
 (271,'SVT1G'),
 (271,'GEOP1G'),
 (271,'ANGL_1G1'),
 (271,'ALL_1G1'),
 (285,'Fran1GC'),
 (285,'HistGeo1GC'),
 (285,'SpeMaths1G1'),
 (285,'NSI1GG'),
 (285,'SI1G'),
 (285,'ANGL_1G1'),
 (285,'ALL_1G2'),
 (289,'Fran1GC'),
 (289,'HistGeo1GC'),
 (289,'SpePhys1G1'),
 (289,'NSI1GG'),
 (289,'SVT1G'),
 (289,'ANGL_1G3'),
 (289,'ESP1G'),
 (312,'Fran1GC'),
 (312,'HistGeo1GC'),
 (312,'SpeMaths1G3'),
 (312,'SVT1G'),
 (312,'GEOP1G'),
 (312,'ANGL_1G2'),
 (312,'ALL_1G1'),
 (318,'Fran1GC'),
 (318,'HistGeo1GC'),
 (318,'SpePhys1G2'),
 (318,'SpeMaths1G2'),
 (318,'NSI1GG'),
 (318,'ANGL_1G1'),
 (318,'ALL_1G1'),
 (320,'Fran1GC'),
 (320,'HistGeo1GC'),
 (320,'SpeMaths1G1'),
 (320,'NSI1GG'),
 (320,'SVT1G'),
 (320,'ANGL_1G1'),
 (320,'ALL_1G1'),
 (334,'Fran1GC'),
 (334,'HistGeo1GC'),
 (334,'SpeMaths1G3'),
 (334,'SVT1G'),
 (334,'GEOP1G'),
 (334,'ANGL_1G3'),
 (334,'ALL_1G1'),
 (419,'Fran1GC'),
 (419,'HistGeo1GC'),
 (419,'SpeMaths1G3'),
 (419,'NSI1GG'),
 (419,'GEOP1G'),
 (419,'ANGL_1G2'),
 (419,'ALL_1G1'),
 (426,'Fran1GC'),
 (426,'HistGeo1GC'),
 (426,'SpePhys1G3'),
 (426,'SpeMaths1G3'),
 (426,'SVT1G'),
 (426,'ANGL_1G2'),
 (426,'ESP1G'),
 (429,'Fran1GC'),
 (429,'HistGeo1GC'),
 (429,'SpePhys1G3'),
 (429,'SpeMaths1G3'),
 (429,'NSI1GG'),
 (429,'ANGL_1G3'),
 (429,'ALL_1G1'),
 (435,'Fran1GC'),
 (435,'HistGeo1GC'),
 (435,'SpePhys1G2'),
 (435,'SpeMaths1G1'),
 (435,'SVT1G'),
 (435,'ANGL_1G3'),
 (435,'ALL_1G2'),
 (437,'Fran1GC'),
 (437,'HistGeo1GC'),
 (437,'SpePhys1G2'),
 (437,'SI1G'),
 (437,'SVT1G'),
 (437,'ANGL_1G3'),
 (437,'ESP1G'),
 (443,'Fran1GC'),
 (443,'HistGeo1GC'),
 (443,'SpePhys1G2'),
 (443,'SpeMaths1G1'),
 (443,'GEOP1G'),
 (443,'ANGL_1G3'),
 (443,'ESP1G'),
 (446,'Fran1GC'),
 (446,'HistGeo1GC'),
 (446,'SpePhys1G2'),
 (446,'SpeMaths1G1'),
 (446,'NSI1GG'),
 (446,'ANGL_1G1'),
 (446,'ALL_1G2'),
 (487,'Fran1GC'),
 (487,'HistGeo1GC'),
 (487,'SpeMaths1G1'),
 (487,'NSI1GG'),
 (487,'SI1G'),
 (487,'ANGL_1G3'),
 (487,'ALL_1G2'),
 (490,'Fran1GC'),
 (490,'HistGeo1GC'),
 (490,'SpePhys1G3'),
 (490,'SpeMaths1G2'),
 (490,'NSI1GG'),
 (490,'ANGL_1G3'),
 (490,'ALL_1G2'),
 (500,'Fran1GC'),
 (500,'HistGeo1GC'),
 (500,'SpePhys1G3'),
 (500,'SpeMaths1G1'),
 (500,'SVT1G'),
 (500,'ANGL_1G1'),
 (500,'ALL_1G1'),
 (42,'FranST1A'),
 (42,'HistGeoST1A'),
 (42,'PhysChST1A'),
 (42,'MathsST1A'),
 (42,'ANGL_1T3'),
 (42,'ALL_1T1'),
 (42,'DEV_1T1'),
 (50,'FranST1A'),
 (50,'HistGeoST1A'),
 (50,'PhysChST1A'),
 (50,'MathsST1A'),
 (50,'ANGL_1T2'),
 (50,'ESP_1T1'),
 (50,'SI_1T1'),
 (82,'FranST1A'),
 (82,'HistGeoST1A'),
 (82,'PhysChST1A'),
 (82,'MathsST1A'),
 (82,'ANGL_1T1'),
 (82,'ALL_1T4'),
 (82,'INOV_1T1'),
 (88,'FranST1A'),
 (88,'HistGeoST1A'),
 (88,'PhysChST1A'),
 (88,'MathsST1A'),
 (88,'ANGL_1T4'),
 (88,'ESP_1T1'),
 (88,'SI_1T1'),
 (93,'FranST1A'),
 (93,'HistGeoST1A'),
 (93,'PhysChST1A'),
 (93,'MathsST1A'),
 (93,'ANGL_1T2'),
 (93,'ALL_1T3'),
 (93,'DEV_1T1'),
 (110,'FranST1A'),
 (110,'HistGeoST1A'),
 (110,'PhysChST1A'),
 (110,'MathsST1A'),
 (110,'ANGL_1T2'),
 (110,'ESP_1T1'),
 (110,'INOV_1T1'),
 (113,'FranST1A'),
 (113,'HistGeoST1A'),
 (113,'PhysChST1A'),
 (113,'MathsST1A'),
 (113,'ANGL_1T4'),
 (113,'ALL_1T3'),
 (113,'DEV_1T1'),
 (145,'FranST1A'),
 (145,'HistGeoST1A'),
 (145,'PhysChST1A'),
 (145,'MathsST1A'),
 (145,'ANGL_1T1'),
 (145,'ESP_1T1'),
 (145,'INOV_1T1'),
 (151,'FranST1A'),
 (151,'HistGeoST1A'),
 (151,'PhysChST1A'),
 (151,'MathsST1A'),
 (151,'ANGL_1T4'),
 (151,'ALL_1T4'),
 (151,'DEV_1T1'),
 (155,'FranST1A'),
 (155,'HistGeoST1A'),
 (155,'PhysChST1A'),
 (155,'MathsST1A'),
 (155,'ANGL_1T4'),
 (155,'ALL_1T2'),
 (155,'SI_1T1'),
 (179,'FranST1A'),
 (179,'HistGeoST1A'),
 (179,'PhysChST1A'),
 (179,'MathsST1A'),
 (179,'ANGL_1T4'),
 (179,'ALL_1T1'),
 (179,'INOV_1T1'),
 (180,'FranST1A'),
 (180,'HistGeoST1A'),
 (180,'PhysChST1A'),
 (180,'MathsST1A'),
 (180,'ANGL_1T1'),
 (180,'ALL_1T1'),
 (180,'DEV_1T1'),
 (193,'FranST1A'),
 (193,'HistGeoST1A'),
 (193,'PhysChST1A'),
 (193,'MathsST1A'),
 (193,'ANGL_1T3'),
 (193,'ALL_1T3'),
 (193,'DEV_1T1'),
 (194,'FranST1A'),
 (194,'HistGeoST1A'),
 (194,'PhysChST1A'),
 (194,'MathsST1A'),
 (194,'ANGL_1T3'),
 (194,'ALL_1T3'),
 (194,'INOV_1T1'),
 (205,'FranST1A'),
 (205,'HistGeoST1A'),
 (205,'PhysChST1A'),
 (205,'MathsST1A'),
 (205,'ANGL_1T4'),
 (205,'ALL_1T3'),
 (205,'DEV_1T1'),
 (213,'FranST1A'),
 (213,'HistGeoST1A'),
 (213,'PhysChST1A'),
 (213,'MathsST1A'),
 (213,'ANGL_1T2'),
 (213,'ALL_1T4'),
 (213,'INOV_1T1'),
 (219,'FranST1A'),
 (219,'HistGeoST1A'),
 (219,'PhysChST1A'),
 (219,'MathsST1A'),
 (219,'ANGL_1T4'),
 (219,'ALL_1T1'),
 (219,'DEV_1T1'),
 (228,'FranST1A'),
 (228,'HistGeoST1A'),
 (228,'PhysChST1A'),
 (228,'MathsST1A'),
 (228,'ANGL_1T1'),
 (228,'ESP_1T1'),
 (228,'SI_1T1'),
 (238,'FranST1A'),
 (238,'HistGeoST1A'),
 (238,'PhysChST1A'),
 (238,'MathsST1A'),
 (238,'ANGL_1T1'),
 (238,'ESP_1T1'),
 (238,'INOV_1T1'),
 (259,'FranST1A'),
 (259,'HistGeoST1A'),
 (259,'PhysChST1A'),
 (259,'MathsST1A'),
 (259,'ANGL_1T1'),
 (259,'ALL_1T1'),
 (259,'INOV_1T1'),
 (291,'FranST1A'),
 (291,'HistGeoST1A'),
 (291,'PhysChST1A'),
 (291,'MathsST1A'),
 (291,'ANGL_1T1'),
 (291,'ESP_1T1'),
 (291,'DEV_1T1'),
 (298,'FranST1A'),
 (298,'HistGeoST1A'),
 (298,'PhysChST1A'),
 (298,'MathsST1A'),
 (298,'ANGL_1T3'),
 (298,'ALL_1T4'),
 (298,'INOV_1T1'),
 (311,'FranST1A'),
 (311,'HistGeoST1A'),
 (311,'PhysChST1A'),
 (311,'MathsST1A'),
 (311,'ANGL_1T4'),
 (311,'ESP_1T1'),
 (311,'DEV_1T1'),
 (314,'FranST1A'),
 (314,'HistGeoST1A'),
 (314,'PhysChST1A'),
 (314,'MathsST1A'),
 (314,'ANGL_1T4'),
 (314,'ESP_1T1'),
 (314,'INOV_1T1'),
 (340,'FranST1A'),
 (340,'HistGeoST1A'),
 (340,'PhysChST1A'),
 (340,'MathsST1A'),
 (340,'ANGL_1T4'),
 (340,'ALL_1T1'),
 (340,'SI_1T1'),
 (356,'FranST1A'),
 (356,'HistGeoST1A'),
 (356,'PhysChST1A'),
 (356,'MathsST1A'),
 (356,'ANGL_1T1'),
 (356,'ALL_1T2'),
 (356,'DEV_1T1'),
 (379,'FranST1A'),
 (379,'HistGeoST1A'),
 (379,'PhysChST1A'),
 (379,'MathsST1A'),
 (379,'ANGL_1T1'),
 (379,'ALL_1T2'),
 (379,'DEV_1T1'),
 (393,'FranST1A'),
 (393,'HistGeoST1A'),
 (393,'PhysChST1A'),
 (393,'MathsST1A'),
 (393,'ANGL_1T2'),
 (393,'ALL_1T3'),
 (393,'INOV_1T1'),
 (402,'FranST1A'),
 (402,'HistGeoST1A'),
 (402,'PhysChST1A'),
 (402,'MathsST1A'),
 (402,'ANGL_1T2'),
 (402,'ALL_1T2'),
 (402,'INOV_1T1'),
 (414,'FranST1A'),
 (414,'HistGeoST1A'),
 (414,'PhysChST1A'),
 (414,'MathsST1A'),
 (414,'ANGL_1T3'),
 (414,'ALL_1T2'),
 (414,'DEV_1T1'),
 (436,'FranST1A'),
 (436,'HistGeoST1A'),
 (436,'PhysChST1A'),
 (436,'MathsST1A'),
 (436,'ANGL_1T1'),
 (436,'ALL_1T2'),
 (436,'SI_1T1'),
 (445,'FranST1A'),
 (445,'HistGeoST1A'),
 (445,'PhysChST1A'),
 (445,'MathsST1A'),
 (445,'ANGL_1T4'),
 (445,'ESP_1T1'),
 (445,'SI_1T1'),
 (447,'FranST1A'),
 (447,'HistGeoST1A'),
 (447,'PhysChST1A'),
 (447,'MathsST1A'),
 (447,'ANGL_1T4'),
 (447,'ALL_1T2'),
 (447,'DEV_1T1'),
 (492,'FranST1A'),
 (492,'HistGeoST1A'),
 (492,'PhysChST1A'),
 (492,'MathsST1A'),
 (492,'ANGL_1T2'),
 (492,'ALL_1T4'),
 (492,'DEV_1T1'),
 (493,'FranST1A'),
 (493,'HistGeoST1A'),
 (493,'PhysChST1A'),
 (493,'MathsST1A'),
 (493,'ANGL_1T3'),
 (493,'ALL_1T2'),
 (493,'SI_1T1'),
 (68,'FranST1B'),
 (68,'HistGeoST1B'),
 (68,'PhysChST1B'),
 (68,'MathsST1B'),
 (68,'ANGL_1T2'),
 (68,'ALL_1T1'),
 (68,'SI_1T1'),
 (106,'FranST1B'),
 (106,'HistGeoST1B'),
 (106,'PhysChST1B'),
 (106,'MathsST1B'),
 (106,'ANGL_1T2'),
 (106,'ALL_1T2'),
 (106,'INOV_1T1'),
 (133,'FranST1B'),
 (133,'HistGeoST1B'),
 (133,'PhysChST1B'),
 (133,'MathsST1B'),
 (133,'ANGL_1T3'),
 (133,'ALL_1T4'),
 (133,'SI_1T1'),
 (137,'FranST1B'),
 (137,'HistGeoST1B'),
 (137,'PhysChST1B'),
 (137,'MathsST1B'),
 (137,'ANGL_1T4'),
 (137,'ALL_1T4'),
 (137,'DEV_1T1'),
 (142,'FranST1B'),
 (142,'HistGeoST1B'),
 (142,'PhysChST1B'),
 (142,'MathsST1B'),
 (142,'ANGL_1T3'),
 (142,'ALL_1T2'),
 (142,'SI_1T1'),
 (143,'FranST1B'),
 (143,'HistGeoST1B'),
 (143,'PhysChST1B'),
 (143,'MathsST1B'),
 (143,'ANGL_1T2'),
 (143,'ALL_1T1'),
 (143,'INOV_1T1'),
 (210,'FranST1B'),
 (210,'HistGeoST1B'),
 (210,'PhysChST1B'),
 (210,'MathsST1B'),
 (210,'ANGL_1T1'),
 (210,'ALL_1T3'),
 (210,'SI_1T1'),
 (220,'FranST1B'),
 (220,'HistGeoST1B'),
 (220,'PhysChST1B'),
 (220,'MathsST1B'),
 (220,'ANGL_1T1'),
 (220,'ESP_1T1'),
 (220,'SI_1T1'),
 (269,'FranST1B'),
 (269,'HistGeoST1B'),
 (269,'PhysChST1B'),
 (269,'MathsST1B'),
 (269,'ANGL_1T4'),
 (269,'ALL_1T3'),
 (269,'DEV_1T1'),
 (282,'FranST1B'),
 (282,'HistGeoST1B'),
 (282,'PhysChST1B'),
 (282,'MathsST1B'),
 (282,'ANGL_1T3'),
 (282,'ESP_1T1'),
 (282,'INOV_1T1'),
 (294,'FranST1B'),
 (294,'HistGeoST1B'),
 (294,'PhysChST1B'),
 (294,'MathsST1B'),
 (294,'ANGL_1T1'),
 (294,'ALL_1T4'),
 (294,'INOV_1T1'),
 (350,'FranST1B'),
 (350,'HistGeoST1B'),
 (350,'PhysChST1B'),
 (350,'MathsST1B'),
 (350,'ANGL_1T1'),
 (350,'ALL_1T3'),
 (350,'DEV_1T1'),
 (383,'FranST1B'),
 (383,'HistGeoST1B'),
 (383,'PhysChST1B'),
 (383,'MathsST1B'),
 (383,'ANGL_1T1'),
 (383,'ALL_1T3'),
 (383,'INOV_1T1'),
 (387,'FranST1B'),
 (387,'HistGeoST1B'),
 (387,'PhysChST1B'),
 (387,'MathsST1B'),
 (387,'ANGL_1T3'),
 (387,'ESP_1T1'),
 (387,'INOV_1T1'),
 (412,'FranST1B'),
 (412,'HistGeoST1B'),
 (412,'PhysChST1B'),
 (412,'MathsST1B'),
 (412,'ANGL_1T1'),
 (412,'ALL_1T4'),
 (412,'SI_1T1'),
 (413,'FranST1B'),
 (413,'HistGeoST1B'),
 (413,'PhysChST1B'),
 (413,'MathsST1B'),
 (413,'ANGL_1T1'),
 (413,'ALL_1T1'),
 (413,'INOV_1T1'),
 (427,'FranST1B'),
 (427,'HistGeoST1B'),
 (427,'PhysChST1B'),
 (427,'MathsST1B'),
 (427,'ANGL_1T4'),
 (427,'ESP_1T1'),
 (427,'SI_1T1'),
 (464,'FranST1B'),
 (464,'HistGeoST1B'),
 (464,'PhysChST1B'),
 (464,'MathsST1B'),
 (464,'ANGL_1T3'),
 (464,'ALL_1T4'),
 (464,'INOV_1T1'),
 (470,'FranST1B'),
 (470,'HistGeoST1B'),
 (470,'PhysChST1B'),
 (470,'MathsST1B'),
 (470,'ANGL_1T3'),
 (470,'ALL_1T3'),
 (470,'SI_1T1'),
 (494,'FranST1B'),
 (494,'HistGeoST1B'),
 (494,'PhysChST1B'),
 (494,'MathsST1B'),
 (494,'ANGL_1T4'),
 (494,'ALL_1T4'),
 (494,'INOV_1T1'),
 (38,'FranST1C'),
 (38,'HistGeoST1C'),
 (38,'PhysChST1C'),
 (38,'MathsST1C'),
 (38,'ANGL_1T4'),
 (38,'ALL_1T4'),
 (38,'DEV_1T1'),
 (44,'FranST1C'),
 (44,'HistGeoST1C'),
 (44,'PhysChST1C'),
 (44,'MathsST1C'),
 (44,'ANGL_1T1'),
 (44,'ALL_1T4'),
 (44,'DEV_1T1'),
 (45,'FranST1C'),
 (45,'HistGeoST1C'),
 (45,'PhysChST1C'),
 (45,'MathsST1C'),
 (45,'ANGL_1T2'),
 (45,'ALL_1T4'),
 (45,'INOV_1T1'),
 (49,'FranST1C'),
 (49,'HistGeoST1C'),
 (49,'PhysChST1C'),
 (49,'MathsST1C'),
 (49,'ANGL_1T2'),
 (49,'ALL_1T1'),
 (49,'SI_1T1'),
 (61,'FranST1C'),
 (61,'HistGeoST1C'),
 (61,'PhysChST1C'),
 (61,'MathsST1C'),
 (61,'ANGL_1T4'),
 (61,'ALL_1T4'),
 (61,'INOV_1T1'),
 (87,'FranST1C'),
 (87,'HistGeoST1C'),
 (87,'PhysChST1C'),
 (87,'MathsST1C'),
 (87,'ANGL_1T2'),
 (87,'ALL_1T2'),
 (87,'SI_1T1'),
 (101,'FranST1C'),
 (101,'HistGeoST1C'),
 (101,'PhysChST1C'),
 (101,'MathsST1C'),
 (101,'ANGL_1T1'),
 (101,'ALL_1T4'),
 (101,'DEV_1T1'),
 (103,'FranST1C'),
 (103,'HistGeoST1C'),
 (103,'PhysChST1C'),
 (103,'MathsST1C'),
 (103,'ANGL_1T1'),
 (103,'ALL_1T3'),
 (103,'SI_1T1'),
 (105,'FranST1C'),
 (105,'HistGeoST1C'),
 (105,'PhysChST1C'),
 (105,'MathsST1C'),
 (105,'ANGL_1T3'),
 (105,'ALL_1T1'),
 (105,'DEV_1T1'),
 (109,'FranST1C'),
 (109,'HistGeoST1C'),
 (109,'PhysChST1C'),
 (109,'MathsST1C'),
 (109,'ANGL_1T3'),
 (109,'ALL_1T4'),
 (109,'SI_1T1'),
 (121,'FranST1C'),
 (121,'HistGeoST1C'),
 (121,'PhysChST1C'),
 (121,'MathsST1C'),
 (121,'ANGL_1T4'),
 (121,'ALL_1T2'),
 (121,'SI_1T1'),
 (131,'FranST1C'),
 (131,'HistGeoST1C'),
 (131,'PhysChST1C'),
 (131,'MathsST1C'),
 (131,'ANGL_1T3'),
 (131,'ALL_1T4'),
 (131,'SI_1T1'),
 (158,'FranST1C'),
 (158,'HistGeoST1C'),
 (158,'PhysChST1C'),
 (158,'MathsST1C'),
 (158,'ANGL_1T4'),
 (158,'ALL_1T4'),
 (158,'DEV_1T1'),
 (177,'FranST1C'),
 (177,'HistGeoST1C'),
 (177,'PhysChST1C'),
 (177,'MathsST1C'),
 (177,'ANGL_1T2'),
 (177,'ALL_1T1'),
 (177,'SI_1T1'),
 (184,'FranST1C'),
 (184,'HistGeoST1C'),
 (184,'PhysChST1C'),
 (184,'MathsST1C'),
 (184,'ANGL_1T3'),
 (184,'ALL_1T4'),
 (184,'DEV_1T1'),
 (201,'FranST1C'),
 (201,'HistGeoST1C'),
 (201,'PhysChST1C'),
 (201,'MathsST1C'),
 (201,'ANGL_1T3'),
 (201,'ALL_1T2'),
 (201,'SI_1T1'),
 (206,'FranST1C'),
 (206,'HistGeoST1C'),
 (206,'PhysChST1C'),
 (206,'MathsST1C'),
 (206,'ANGL_1T4'),
 (206,'ESP_1T1'),
 (206,'DEV_1T1'),
 (209,'FranST1C'),
 (209,'HistGeoST1C'),
 (209,'PhysChST1C'),
 (209,'MathsST1C'),
 (209,'ANGL_1T4'),
 (209,'ALL_1T3'),
 (209,'INOV_1T1'),
 (216,'FranST1C'),
 (216,'HistGeoST1C'),
 (216,'PhysChST1C'),
 (216,'MathsST1C'),
 (216,'ANGL_1T1'),
 (216,'ALL_1T3'),
 (216,'DEV_1T1'),
 (223,'FranST1C'),
 (223,'HistGeoST1C'),
 (223,'PhysChST1C'),
 (223,'MathsST1C'),
 (223,'ANGL_1T2'),
 (223,'ALL_1T1'),
 (223,'INOV_1T1'),
 (230,'FranST1C'),
 (230,'HistGeoST1C'),
 (230,'PhysChST1C'),
 (230,'MathsST1C'),
 (230,'ANGL_1T3'),
 (230,'ALL_1T1'),
 (230,'DEV_1T1'),
 (235,'FranST1C'),
 (235,'HistGeoST1C'),
 (235,'PhysChST1C'),
 (235,'MathsST1C'),
 (235,'ANGL_1T1'),
 (235,'ALL_1T1'),
 (235,'INOV_1T1'),
 (242,'FranST1C'),
 (242,'HistGeoST1C'),
 (242,'PhysChST1C'),
 (242,'MathsST1C'),
 (242,'ANGL_1T3'),
 (242,'ALL_1T1'),
 (242,'SI_1T1'),
 (348,'FranST1C'),
 (348,'HistGeoST1C'),
 (348,'PhysChST1C'),
 (348,'MathsST1C'),
 (348,'ANGL_1T1'),
 (348,'ALL_1T4'),
 (348,'SI_1T1'),
 (360,'FranST1C'),
 (360,'HistGeoST1C'),
 (360,'PhysChST1C'),
 (360,'MathsST1C'),
 (360,'ANGL_1T1'),
 (360,'ALL_1T4'),
 (360,'DEV_1T1'),
 (366,'FranST1C'),
 (366,'HistGeoST1C'),
 (366,'PhysChST1C'),
 (366,'MathsST1C'),
 (366,'ANGL_1T3'),
 (366,'ALL_1T2'),
 (366,'SI_1T1'),
 (391,'FranST1C'),
 (391,'HistGeoST1C'),
 (391,'PhysChST1C'),
 (391,'MathsST1C'),
 (391,'ANGL_1T1'),
 (391,'ALL_1T3'),
 (391,'DEV_1T1'),
 (403,'FranST1C'),
 (403,'HistGeoST1C'),
 (403,'PhysChST1C'),
 (403,'MathsST1C'),
 (403,'ANGL_1T4'),
 (403,'ALL_1T3'),
 (403,'INOV_1T1'),
 (409,'FranST1C'),
 (409,'HistGeoST1C'),
 (409,'PhysChST1C'),
 (409,'MathsST1C'),
 (409,'ANGL_1T1'),
 (409,'ALL_1T4'),
 (409,'INOV_1T1'),
 (431,'FranST1C'),
 (431,'HistGeoST1C'),
 (431,'PhysChST1C'),
 (431,'MathsST1C'),
 (431,'ANGL_1T2'),
 (431,'ESP_1T1'),
 (431,'INOV_1T1'),
 (433,'FranST1C'),
 (433,'HistGeoST1C'),
 (433,'PhysChST1C'),
 (433,'MathsST1C'),
 (433,'ANGL_1T1'),
 (433,'ESP_1T1'),
 (433,'SI_1T1'),
 (438,'FranST1C'),
 (438,'HistGeoST1C'),
 (438,'PhysChST1C'),
 (438,'MathsST1C'),
 (438,'ANGL_1T4'),
 (438,'ALL_1T1'),
 (438,'INOV_1T1'),
 (465,'FranST1C'),
 (465,'HistGeoST1C'),
 (465,'PhysChST1C'),
 (465,'MathsST1C'),
 (465,'ANGL_1T4'),
 (465,'ESP_1T1'),
 (465,'SI_1T1'),
 (466,'FranST1C'),
 (466,'HistGeoST1C'),
 (466,'PhysChST1C'),
 (466,'MathsST1C'),
 (466,'ANGL_1T2'),
 (466,'ALL_1T1'),
 (466,'DEV_1T1'),
 (472,'FranST1C'),
 (472,'HistGeoST1C'),
 (472,'PhysChST1C'),
 (472,'MathsST1C'),
 (472,'ANGL_1T3'),
 (472,'ESP_1T1'),
 (472,'SI_1T1'),
 (30,'FranST1D'),
 (30,'HistGeoST1D'),
 (30,'PhysChST1D'),
 (30,'MathsST1D'),
 (30,'ANGL_1T4'),
 (30,'ALL_1T2'),
 (99,'FranST1D'),
 (99,'HistGeoST1D'),
 (99,'PhysChST1D'),
 (99,'MathsST1D'),
 (99,'ANGL_1T4'),
 (99,'ALL_1T1'),
 (99,'DEV_1T1'),
 (104,'FranST1D'),
 (104,'HistGeoST1D'),
 (104,'PhysChST1D'),
 (104,'MathsST1D'),
 (104,'ANGL_1T4'),
 (104,'ALL_1T2'),
 (104,'INOV_1T1'),
 (117,'FranST1D'),
 (117,'HistGeoST1D'),
 (117,'PhysChST1D'),
 (117,'MathsST1D'),
 (117,'ANGL_1T1'),
 (117,'ALL_1T3'),
 (153,'FranST1D'),
 (153,'HistGeoST1D'),
 (153,'PhysChST1D'),
 (153,'MathsST1D'),
 (153,'ANGL_1T2'),
 (153,'ALL_1T1'),
 (153,'DEV_1T1'),
 (169,'FranST1D'),
 (169,'HistGeoST1D'),
 (169,'PhysChST1D'),
 (169,'MathsST1D'),
 (169,'ANGL_1T3'),
 (169,'ESP_1T1'),
 (169,'INOV_1T1'),
 (175,'FranST1D'),
 (175,'HistGeoST1D'),
 (175,'PhysChST1D'),
 (175,'MathsST1D'),
 (175,'ANGL_1T3'),
 (175,'ALL_1T3'),
 (175,'INOV_1T1'),
 (192,'FranST1D'),
 (192,'HistGeoST1D'),
 (192,'PhysChST1D'),
 (192,'MathsST1D'),
 (192,'ANGL_1T1'),
 (192,'ALL_1T3'),
 (192,'DEV_1T1'),
 (207,'FranST1D'),
 (207,'HistGeoST1D'),
 (207,'PhysChST1D'),
 (207,'MathsST1D'),
 (207,'ANGL_1T3'),
 (207,'ALL_1T4'),
 (207,'DEV_1T1'),
 (231,'FranST1D'),
 (231,'HistGeoST1D'),
 (231,'PhysChST1D'),
 (231,'MathsST1D'),
 (231,'ANGL_1T4'),
 (231,'ALL_1T1'),
 (231,'INOV_1T1'),
 (243,'FranST1D'),
 (243,'HistGeoST1D'),
 (243,'PhysChST1D'),
 (243,'MathsST1D'),
 (243,'ANGL_1T4'),
 (243,'ESP_1T1'),
 (243,'INOV_1T1'),
 (274,'FranST1D'),
 (274,'HistGeoST1D'),
 (274,'PhysChST1D'),
 (274,'MathsST1D'),
 (274,'ANGL_1T3'),
 (274,'ALL_1T1'),
 (274,'SI_1T1'),
 (280,'FranST1D'),
 (280,'HistGeoST1D'),
 (280,'PhysChST1D'),
 (280,'MathsST1D'),
 (280,'ANGL_1T4'),
 (280,'ALL_1T3'),
 (280,'SI_1T1'),
 (293,'FranST1D'),
 (293,'HistGeoST1D'),
 (293,'PhysChST1D'),
 (293,'MathsST1D'),
 (293,'ANGL_1T1'),
 (293,'ALL_1T3'),
 (293,'DEV_1T1'),
 (307,'FranST1D'),
 (307,'HistGeoST1D'),
 (307,'PhysChST1D'),
 (307,'MathsST1D'),
 (307,'ANGL_1T2'),
 (307,'ALL_1T2'),
 (307,'DEV_1T1'),
 (323,'FranST1D'),
 (323,'HistGeoST1D'),
 (323,'PhysChST1D'),
 (323,'MathsST1D'),
 (323,'ANGL_1T2'),
 (323,'ALL_1T1'),
 (323,'DEV_1T1'),
 (328,'FranST1D'),
 (328,'HistGeoST1D'),
 (328,'PhysChST1D'),
 (328,'MathsST1D'),
 (328,'ANGL_1T1'),
 (328,'ALL_1T4'),
 (328,'SI_1T1'),
 (330,'FranST1D'),
 (330,'HistGeoST1D'),
 (330,'PhysChST1D'),
 (330,'MathsST1D'),
 (330,'ANGL_1T4'),
 (330,'ALL_1T3'),
 (330,'INOV_1T1'),
 (365,'FranST1D'),
 (365,'HistGeoST1D'),
 (365,'PhysChST1D'),
 (365,'MathsST1D'),
 (365,'ANGL_1T2'),
 (365,'ALL_1T3'),
 (365,'SI_1T1'),
 (448,'FranST1D'),
 (448,'HistGeoST1D'),
 (448,'PhysChST1D'),
 (448,'MathsST1D'),
 (448,'ANGL_1T3'),
 (448,'ALL_1T1'),
 (448,'INOV_1T1'),
 (482,'FranST1D'),
 (482,'HistGeoST1D'),
 (482,'PhysChST1D'),
 (482,'MathsST1D'),
 (482,'ANGL_1T1'),
 (482,'ALL_1T1'),
 (482,'SI_1T1'),
 (488,'FranST1D'),
 (488,'HistGeoST1D'),
 (488,'PhysChST1D'),
 (488,'MathsST1D'),
 (488,'ANGL_1T2'),
 (488,'ALL_1T1'),
 (488,'ESP_1T1'),
 (488,'SI_1T1'),
 (3,'Fran2A'),
 (3,'HistGeo2A'),
 (3,'PhysCh2A'),
 (3,'Maths2A'),
 (3,'ANGL_S6'),
 (3,'ALL_S3'),
 (3,'SNT11'),
 (3,'SVT_SA'),
 (51,'Fran2A'),
 (51,'HistGeo2A'),
 (51,'PhysCh2A'),
 (51,'Maths2A'),
 (51,'ANGL_S2'),
 (51,'ALL_S2'),
 (51,'SNT4'),
 (51,'SVT_SA'),
 (53,'Fran2A'),
 (53,'HistGeo2A'),
 (53,'PhysCh2A'),
 (53,'Maths2A'),
 (53,'ANGL_S6'),
 (53,'ALL_S3'),
 (53,'SNT7'),
 (53,'SVT_SA'),
 (79,'Fran2A'),
 (79,'HistGeo2A'),
 (79,'PhysCh2A'),
 (79,'Maths2A'),
 (79,'ANGL_S6'),
 (79,'ESP_S2'),
 (79,'SNT7'),
 (79,'SVT_SA'),
 (130,'Fran2A'),
 (130,'HistGeo2A'),
 (130,'PhysCh2A'),
 (130,'Maths2A'),
 (130,'ANGL_S4'),
 (130,'ESP_S2'),
 (130,'SNT7'),
 (130,'SVT_SA'),
 (134,'Fran2A'),
 (134,'HistGeo2A'),
 (134,'PhysCh2A'),
 (134,'Maths2A'),
 (134,'ANGL_S3'),
 (134,'ALL_S1'),
 (134,'SNT6'),
 (134,'SVT_SA'),
 (148,'Fran2A'),
 (148,'HistGeo2A'),
 (148,'PhysCh2A'),
 (148,'Maths2A'),
 (148,'ANGL_S5'),
 (148,'ALL_S3'),
 (148,'SNT4'),
 (148,'SVT_SA'),
 (183,'Fran2A'),
 (183,'HistGeo2A'),
 (183,'PhysCh2A'),
 (183,'Maths2A'),
 (183,'ANGL_S3'),
 (183,'ALL_S1'),
 (183,'SNT4'),
 (183,'SVT_SA'),
 (240,'Fran2A'),
 (240,'HistGeo2A'),
 (240,'PhysCh2A'),
 (240,'Maths2A'),
 (240,'ANGL_S4'),
 (240,'ALL_S1'),
 (240,'SNT7'),
 (240,'SVT_SA'),
 (244,'Fran2A'),
 (244,'HistGeo2A'),
 (244,'PhysCh2A'),
 (244,'Maths2A'),
 (244,'ANGL_S4'),
 (244,'ESP_S2'),
 (244,'SNT9'),
 (244,'SVT_SA'),
 (275,'Fran2A'),
 (275,'HistGeo2A'),
 (275,'PhysCh2A'),
 (275,'Maths2A'),
 (275,'ANGL_S5'),
 (275,'ESP_S1'),
 (275,'SNT4'),
 (275,'SVT_SA'),
 (286,'Fran2A'),
 (286,'HistGeo2A'),
 (286,'PhysCh2A'),
 (286,'Maths2A'),
 (286,'ANGL_S1'),
 (286,'ALL_S4'),
 (286,'SNT3'),
 (286,'SVT_SA'),
 (301,'Fran2A'),
 (301,'HistGeo2A'),
 (301,'PhysCh2A'),
 (301,'Maths2A'),
 (301,'ANGL_S1'),
 (301,'ESP_S2'),
 (301,'SNT8'),
 (301,'SVT_SA'),
 (304,'Fran2A'),
 (304,'HistGeo2A'),
 (304,'PhysCh2A'),
 (304,'Maths2A'),
 (304,'ANGL_S3'),
 (304,'ESP_S2'),
 (304,'SNT4'),
 (304,'SVT_SA'),
 (306,'Fran2A'),
 (306,'HistGeo2A'),
 (306,'PhysCh2A'),
 (306,'Maths2A'),
 (306,'ANGL_S1'),
 (306,'ALL_S3'),
 (306,'SNT6'),
 (306,'SVT_SA'),
 (310,'Fran2A'),
 (310,'HistGeo2A'),
 (310,'PhysCh2A'),
 (310,'Maths2A'),
 (310,'ANGL_S2'),
 (310,'ALL_S2'),
 (310,'SNT4'),
 (310,'SVT_SA'),
 (373,'Fran2A'),
 (373,'HistGeo2A'),
 (373,'PhysCh2A'),
 (373,'Maths2A'),
 (373,'ANGL_S1'),
 (373,'ESP_S2'),
 (373,'SNT9'),
 (373,'SVT_SA'),
 (377,'Fran2A'),
 (377,'HistGeo2A'),
 (377,'PhysCh2A'),
 (377,'Maths2A'),
 (377,'ANGL_S1'),
 (377,'ALL_S4'),
 (377,'SNT8'),
 (377,'SVT_SA'),
 (392,'Fran2A'),
 (392,'HistGeo2A'),
 (392,'PhysCh2A'),
 (392,'Maths2A'),
 (392,'ANGL_S6'),
 (392,'ALL_S4'),
 (392,'SNT8'),
 (392,'SVT_SA'),
 (404,'Fran2A'),
 (404,'HistGeo2A'),
 (404,'PhysCh2A'),
 (404,'Maths2A'),
 (404,'ANGL_S4'),
 (404,'ESP_S1'),
 (404,'SNT5'),
 (404,'SVT_SA'),
 (406,'Fran2A'),
 (406,'HistGeo2A'),
 (406,'PhysCh2A'),
 (406,'Maths2A'),
 (406,'ANGL_S2'),
 (406,'ALL_S4'),
 (406,'SNT10'),
 (406,'SVT_SA'),
 (422,'Fran2A'),
 (422,'HistGeo2A'),
 (422,'PhysCh2A'),
 (422,'Maths2A'),
 (422,'ANGL_S1'),
 (422,'ALL_S3'),
 (422,'SNT3'),
 (422,'SVT_SA'),
 (423,'Fran2A'),
 (423,'HistGeo2A'),
 (423,'PhysCh2A'),
 (423,'Maths2A'),
 (423,'ANGL_S2'),
 (423,'ALL_S3'),
 (423,'SNT6'),
 (423,'SVT_SA'),
 (467,'Fran2A'),
 (467,'HistGeo2A'),
 (467,'PhysCh2A'),
 (467,'Maths2A'),
 (467,'ANGL_S6'),
 (467,'ALL_S1'),
 (467,'SNT7'),
 (467,'SVT_SA'),
 (479,'Fran2A'),
 (479,'HistGeo2A'),
 (479,'PhysCh2A'),
 (479,'Maths2A'),
 (479,'ANGL_S3'),
 (479,'ALL_S2'),
 (479,'SNT7'),
 (479,'SVT_SA'),
 (498,'Fran2A'),
 (498,'HistGeo2A'),
 (498,'PhysCh2A'),
 (498,'Maths2A'),
 (498,'ANGL_S5'),
 (498,'ESP_S2'),
 (498,'SNT4'),
 (498,'SVT_SA'),
 (15,'Fran2B'),
 (15,'HistGeo2B'),
 (15,'PhysCh2B'),
 (15,'Maths2B'),
 (15,'ANGL_S3'),
 (15,'ALL_S1'),
 (15,'SNT3'),
 (15,'SVT_SB'),
 (19,'Fran2B'),
 (19,'HistGeo2B'),
 (19,'PhysCh2B'),
 (19,'Maths2B'),
 (19,'ANGL_S4'),
 (19,'ESP_S1'),
 (19,'SNT4'),
 (19,'SVT_SB'),
 (29,'Fran2B'),
 (29,'HistGeo2B'),
 (29,'PhysCh2B'),
 (29,'Maths2B'),
 (29,'ANGL_S6'),
 (29,'ALL_S3'),
 (29,'SNT4'),
 (29,'SVT_SB'),
 (63,'Fran2B'),
 (63,'HistGeo2B'),
 (63,'PhysCh2B'),
 (63,'Maths2B'),
 (63,'ANGL_S1'),
 (63,'ESP_S2'),
 (63,'SNT3'),
 (63,'SVT_SB'),
 (71,'Fran2B'),
 (71,'HistGeo2B'),
 (71,'PhysCh2B'),
 (71,'Maths2B'),
 (71,'ANGL_S5'),
 (71,'ALL_S2'),
 (71,'SNT2'),
 (71,'SVT_SB'),
 (86,'Fran2B'),
 (86,'HistGeo2B'),
 (86,'PhysCh2B'),
 (86,'Maths2B'),
 (86,'ANGL_S5'),
 (86,'ALL_S2'),
 (86,'SNT6'),
 (86,'SVT_SB'),
 (94,'Fran2B'),
 (94,'HistGeo2B'),
 (94,'PhysCh2B'),
 (94,'Maths2B'),
 (94,'ANGL_S2'),
 (94,'ALL_S2'),
 (94,'SNT9'),
 (94,'SVT_SB'),
 (100,'Fran2B'),
 (100,'HistGeo2B'),
 (100,'PhysCh2B'),
 (100,'Maths2B'),
 (100,'ANGL_S3'),
 (100,'ALL_S3'),
 (100,'SNT4'),
 (100,'SVT_SB'),
 (136,'Fran2B'),
 (136,'HistGeo2B'),
 (136,'PhysCh2B'),
 (136,'Maths2B'),
 (136,'ANGL_S6'),
 (136,'ALL_S3'),
 (136,'SNT4'),
 (136,'SVT_SB'),
 (138,'Fran2B'),
 (138,'HistGeo2B'),
 (138,'PhysCh2B'),
 (138,'Maths2B'),
 (138,'ANGL_S5'),
 (138,'ALL_S2'),
 (138,'SNT11'),
 (138,'SVT_SB'),
 (204,'Fran2B'),
 (204,'HistGeo2B'),
 (204,'PhysCh2B'),
 (204,'Maths2B'),
 (204,'ANGL_S1'),
 (204,'ESP_S2'),
 (204,'SNT1'),
 (204,'SVT_SB'),
 (211,'Fran2B'),
 (211,'HistGeo2B'),
 (211,'PhysCh2B'),
 (211,'Maths2B'),
 (211,'ANGL_S6'),
 (211,'ALL_S4'),
 (211,'SNT10'),
 (211,'SVT_SB'),
 (225,'Fran2B'),
 (225,'HistGeo2B'),
 (225,'PhysCh2B'),
 (225,'Maths2B'),
 (225,'ANGL_S3'),
 (225,'ALL_S2'),
 (225,'SNT2'),
 (225,'SVT_SB'),
 (232,'Fran2B'),
 (232,'HistGeo2B'),
 (232,'PhysCh2B'),
 (232,'Maths2B'),
 (232,'ANGL_S1'),
 (232,'ESP_S1'),
 (232,'SNT2'),
 (232,'SVT_SB'),
 (233,'Fran2B'),
 (233,'HistGeo2B'),
 (233,'PhysCh2B'),
 (233,'Maths2B'),
 (233,'ANGL_S6'),
 (233,'ALL_S2'),
 (233,'SNT11'),
 (233,'SVT_SB'),
 (265,'Fran2B'),
 (265,'HistGeo2B'),
 (265,'PhysCh2B'),
 (265,'Maths2B'),
 (265,'ANGL_S1'),
 (265,'ALL_S3'),
 (265,'SNT6'),
 (265,'SVT_SB'),
 (277,'Fran2B'),
 (277,'HistGeo2B'),
 (277,'PhysCh2B'),
 (277,'Maths2B'),
 (277,'ANGL_S4'),
 (277,'ESP_S2'),
 (277,'SNT1'),
 (277,'SVT_SB'),
 (279,'Fran2B'),
 (279,'HistGeo2B'),
 (279,'PhysCh2B'),
 (279,'Maths2B'),
 (279,'ANGL_S3'),
 (279,'ALL_S1'),
 (279,'SNT5'),
 (279,'SVT_SB'),
 (297,'Fran2B'),
 (297,'HistGeo2B'),
 (297,'PhysCh2B'),
 (297,'Maths2B'),
 (297,'ANGL_S6'),
 (297,'ALL_S1'),
 (297,'SNT10'),
 (297,'SVT_SB'),
 (325,'Fran2B'),
 (325,'HistGeo2B'),
 (325,'PhysCh2B'),
 (325,'Maths2B'),
 (325,'ANGL_S3'),
 (325,'ALL_S1'),
 (325,'SNT5'),
 (325,'SVT_SB'),
 (338,'Fran2B'),
 (338,'HistGeo2B'),
 (338,'PhysCh2B'),
 (338,'Maths2B'),
 (338,'ANGL_S1'),
 (338,'ALL_S1'),
 (338,'SNT5'),
 (338,'SVT_SB'),
 (344,'Fran2B'),
 (344,'HistGeo2B'),
 (344,'PhysCh2B'),
 (344,'Maths2B'),
 (344,'ANGL_S4'),
 (344,'ESP_S2'),
 (344,'SNT11'),
 (344,'SVT_SB'),
 (370,'Fran2B'),
 (370,'HistGeo2B'),
 (370,'PhysCh2B'),
 (370,'Maths2B'),
 (370,'ANGL_S2'),
 (370,'ALL_S1'),
 (370,'SNT3'),
 (370,'SVT_SB'),
 (381,'Fran2B'),
 (381,'HistGeo2B'),
 (381,'PhysCh2B'),
 (381,'Maths2B'),
 (381,'ANGL_S3'),
 (381,'ALL_S4'),
 (381,'SNT6'),
 (381,'SVT_SB'),
 (408,'Fran2B'),
 (408,'HistGeo2B'),
 (408,'PhysCh2B'),
 (408,'Maths2B'),
 (408,'ANGL_S5'),
 (408,'ALL_S4'),
 (408,'SNT9'),
 (408,'SVT_SB'),
 (456,'Fran2B'),
 (456,'HistGeo2B'),
 (456,'PhysCh2B'),
 (456,'Maths2B'),
 (456,'ANGL_S5'),
 (456,'ESP_S1'),
 (456,'SNT8'),
 (456,'SVT_SB'),
 (461,'Fran2B'),
 (461,'HistGeo2B'),
 (461,'PhysCh2B'),
 (461,'Maths2B'),
 (461,'ANGL_S4'),
 (461,'ESP_S2'),
 (461,'SNT3'),
 (461,'SVT_SB'),
 (473,'Fran2B'),
 (473,'HistGeo2B'),
 (473,'PhysCh2B'),
 (473,'Maths2B'),
 (473,'ANGL_S3'),
 (473,'ESP_S2'),
 (473,'SNT9'),
 (473,'SVT_SB'),
 (484,'Fran2B'),
 (484,'HistGeo2B'),
 (484,'PhysCh2B'),
 (484,'Maths2B'),
 (484,'ANGL_S4'),
 (484,'ALL_S1'),
 (484,'SNT8'),
 (484,'SVT_SB'),
 (16,'Fran2C'),
 (16,'HistGeo2C'),
 (16,'PhysCh2C'),
 (16,'Maths2C'),
 (16,'ANGL_S3'),
 (16,'ALL_S1'),
 (16,'SNT1'),
 (16,'SVT_SC'),
 (24,'Fran2C'),
 (24,'HistGeo2C'),
 (24,'PhysCh2C'),
 (24,'Maths2C'),
 (24,'ANGL_S4'),
 (24,'ALL_S1'),
 (24,'SNT8'),
 (24,'SVT_SC'),
 (31,'Fran2C'),
 (31,'HistGeo2C'),
 (31,'PhysCh2C'),
 (31,'Maths2C'),
 (31,'ANGL_S3'),
 (31,'ALL_S2'),
 (31,'SNT5'),
 (31,'SVT_SC'),
 (43,'Fran2C'),
 (43,'HistGeo2C'),
 (43,'PhysCh2C'),
 (43,'Maths2C'),
 (43,'ANGL_S3'),
 (43,'ALL_S4'),
 (43,'SNT5'),
 (43,'SVT_SC'),
 (67,'Fran2C'),
 (67,'HistGeo2C'),
 (67,'PhysCh2C'),
 (67,'Maths2C'),
 (67,'ANGL_S2'),
 (67,'ALL_S3'),
 (67,'SNT5'),
 (67,'SVT_SC'),
 (89,'Fran2C'),
 (89,'HistGeo2C'),
 (89,'PhysCh2C'),
 (89,'Maths2C'),
 (89,'ANGL_S4'),
 (89,'ALL_S4'),
 (89,'SNT3'),
 (89,'SVT_SC'),
 (95,'Fran2C'),
 (95,'HistGeo2C'),
 (95,'PhysCh2C'),
 (95,'Maths2C'),
 (95,'ANGL_S5'),
 (95,'ALL_S2'),
 (95,'SNT9'),
 (95,'SVT_SC'),
 (114,'Fran2C'),
 (114,'HistGeo2C'),
 (114,'PhysCh2C'),
 (114,'Maths2C'),
 (114,'ANGL_S1'),
 (114,'ALL_S3'),
 (114,'SNT7'),
 (114,'SVT_SC'),
 (144,'Fran2C'),
 (144,'HistGeo2C'),
 (144,'PhysCh2C'),
 (144,'Maths2C'),
 (144,'ANGL_S1'),
 (144,'ALL_S2'),
 (144,'SNT3'),
 (144,'SVT_SC'),
 (146,'Fran2C'),
 (146,'HistGeo2C'),
 (146,'PhysCh2C'),
 (146,'Maths2C'),
 (146,'ANGL_S1'),
 (146,'ALL_S4'),
 (146,'SNT1'),
 (146,'SVT_SC'),
 (152,'Fran2C'),
 (152,'HistGeo2C'),
 (152,'PhysCh2C'),
 (152,'Maths2C'),
 (152,'ANGL_S5'),
 (152,'ESP_S2'),
 (152,'SNT3'),
 (152,'SVT_SC'),
 (173,'Fran2C'),
 (173,'HistGeo2C'),
 (173,'PhysCh2C'),
 (173,'Maths2C'),
 (173,'ANGL_S5'),
 (173,'ALL_S4'),
 (173,'SNT9'),
 (173,'SVT_SC'),
 (182,'Fran2C'),
 (182,'HistGeo2C'),
 (182,'PhysCh2C'),
 (182,'Maths2C'),
 (182,'ANGL_S4'),
 (182,'ESP_S1'),
 (182,'SNT7'),
 (182,'SVT_SC'),
 (188,'Fran2C'),
 (188,'HistGeo2C'),
 (188,'PhysCh2C'),
 (188,'Maths2C'),
 (188,'ANGL_S2'),
 (188,'ESP_S2'),
 (188,'SNT8'),
 (188,'SVT_SC'),
 (190,'Fran2C'),
 (190,'HistGeo2C'),
 (190,'PhysCh2C'),
 (190,'Maths2C'),
 (190,'ANGL_S5'),
 (190,'ALL_S1'),
 (190,'SNT3'),
 (190,'SVT_SC'),
 (198,'Fran2C'),
 (198,'HistGeo2C'),
 (198,'PhysCh2C'),
 (198,'Maths2C'),
 (198,'ANGL_S3'),
 (198,'ESP_S2'),
 (198,'SNT10'),
 (198,'SVT_SC'),
 (217,'Fran2C'),
 (217,'HistGeo2C'),
 (217,'PhysCh2C'),
 (217,'Maths2C'),
 (217,'ANGL_S3'),
 (217,'ALL_S4'),
 (217,'SNT11'),
 (217,'SVT_SC'),
 (234,'Fran2C'),
 (234,'HistGeo2C'),
 (234,'PhysCh2C'),
 (234,'Maths2C'),
 (234,'ANGL_S5'),
 (234,'ALL_S4'),
 (234,'SNT11'),
 (234,'SVT_SC'),
 (252,'Fran2C'),
 (252,'HistGeo2C'),
 (252,'PhysCh2C'),
 (252,'Maths2C'),
 (252,'ANGL_S5'),
 (252,'ALL_S3'),
 (252,'SNT4'),
 (252,'SVT_SC'),
 (261,'Fran2C'),
 (261,'HistGeo2C'),
 (261,'PhysCh2C'),
 (261,'Maths2C'),
 (261,'ANGL_S6'),
 (261,'SNT11'),
 (261,'SVT_SC'),
 (266,'Fran2C'),
 (266,'HistGeo2C'),
 (266,'PhysCh2C'),
 (266,'Maths2C'),
 (266,'ANGL_S1'),
 (266,'ALL_S2'),
 (266,'SNT4'),
 (266,'SVT_SC'),
 (288,'Fran2C'),
 (288,'HistGeo2C'),
 (288,'PhysCh2C'),
 (288,'Maths2C'),
 (288,'ANGL_S3'),
 (288,'ALL_S1'),
 (288,'SNT6'),
 (288,'SVT_SC'),
 (296,'Fran2C'),
 (296,'HistGeo2C'),
 (296,'PhysCh2C'),
 (296,'Maths2C'),
 (296,'ANGL_S2'),
 (296,'ALL_S2'),
 (296,'SNT5'),
 (296,'SVT_SC'),
 (313,'Fran2C'),
 (313,'HistGeo2C'),
 (313,'PhysCh2C'),
 (313,'Maths2C'),
 (313,'ANGL_S4'),
 (313,'ESP_S2'),
 (313,'SNT4'),
 (313,'SVT_SC'),
 (326,'Fran2C'),
 (326,'HistGeo2C'),
 (326,'PhysCh2C'),
 (326,'Maths2C'),
 (326,'ANGL_S5'),
 (326,'ALL_S4'),
 (326,'SNT2'),
 (326,'SVT_SC'),
 (352,'Fran2C'),
 (352,'HistGeo2C'),
 (352,'PhysCh2C'),
 (352,'Maths2C'),
 (352,'ANGL_S6'),
 (352,'ALL_S1'),
 (352,'SNT4'),
 (352,'SVT_SC'),
 (361,'Fran2C'),
 (361,'HistGeo2C'),
 (361,'PhysCh2C'),
 (361,'Maths2C'),
 (361,'ANGL_S6'),
 (361,'ALL_S3'),
 (361,'SNT11'),
 (361,'SVT_SC'),
 (378,'Fran2C'),
 (378,'HistGeo2C'),
 (378,'PhysCh2C'),
 (378,'Maths2C'),
 (378,'ANGL_S2'),
 (378,'ALL_S2'),
 (378,'SNT11'),
 (378,'SVT_SC'),
 (384,'Fran2C'),
 (384,'HistGeo2C'),
 (384,'PhysCh2C'),
 (384,'Maths2C'),
 (384,'ANGL_S3'),
 (384,'ESP_S1'),
 (384,'SNT8'),
 (384,'SVT_SC'),
 (385,'Fran2C'),
 (385,'HistGeo2C'),
 (385,'PhysCh2C'),
 (385,'Maths2C'),
 (385,'ANGL_S4'),
 (385,'ALL_S3'),
 (385,'SNT8'),
 (385,'SVT_SC'),
 (457,'Fran2C'),
 (457,'HistGeo2C'),
 (457,'PhysCh2C'),
 (457,'Maths2C'),
 (457,'ANGL_S2'),
 (457,'ALL_S1'),
 (457,'SNT4'),
 (457,'SVT_SC'),
 (458,'Fran2C'),
 (458,'HistGeo2C'),
 (458,'PhysCh2C'),
 (458,'Maths2C'),
 (458,'ANGL_S2'),
 (458,'ESP_S2'),
 (458,'SNT1'),
 (458,'SVT_SC'),
 (459,'Fran2C'),
 (459,'HistGeo2C'),
 (459,'PhysCh2C'),
 (459,'Maths2C'),
 (459,'ANGL_S1'),
 (459,'ESP_S2'),
 (459,'SNT11'),
 (459,'SVT_SC'),
 (460,'Fran2C'),
 (460,'HistGeo2C'),
 (460,'PhysCh2C'),
 (460,'Maths2C'),
 (460,'ANGL_S4'),
 (460,'ALL_S3'),
 (460,'SNT6'),
 (460,'SVT_SC'),
 (478,'Fran2C'),
 (478,'HistGeo2C'),
 (478,'PhysCh2C'),
 (478,'Maths2C'),
 (478,'ANGL_S2'),
 (478,'ALL_S1'),
 (478,'SNT6'),
 (478,'SVT_SC'),
 (6,'Fran2D'),
 (6,'HistGeo2D'),
 (6,'PhysCh2D'),
 (6,'Maths2D'),
 (6,'ANGL_S4'),
 (6,'ALL_S1'),
 (6,'SNT10'),
 (6,'SVT_SD'),
 (27,'Fran2D'),
 (27,'HistGeo2D'),
 (27,'PhysCh2D'),
 (27,'Maths2D'),
 (27,'ANGL_S4'),
 (27,'ESP_S2'),
 (27,'SNT1'),
 (27,'SVT_SD'),
 (35,'Fran2D'),
 (35,'HistGeo2D'),
 (35,'PhysCh2D'),
 (35,'Maths2D'),
 (35,'ANGL_S2'),
 (35,'ESP_S1'),
 (35,'SNT5'),
 (35,'SVT_SD'),
 (39,'Fran2D'),
 (39,'HistGeo2D'),
 (39,'PhysCh2D'),
 (39,'Maths2D'),
 (39,'ANGL_S2'),
 (39,'ALL_S2'),
 (39,'SNT2'),
 (39,'SVT_SD'),
 (40,'Fran2D'),
 (40,'HistGeo2D'),
 (40,'PhysCh2D'),
 (40,'Maths2D'),
 (40,'ANGL_S3'),
 (40,'ALL_S4'),
 (40,'SNT2'),
 (40,'SVT_SD'),
 (46,'Fran2D'),
 (46,'HistGeo2D'),
 (46,'PhysCh2D'),
 (46,'Maths2D'),
 (46,'ANGL_S4'),
 (46,'ALL_S3'),
 (46,'SNT8'),
 (46,'SVT_SD'),
 (66,'Fran2D'),
 (66,'HistGeo2D'),
 (66,'PhysCh2D'),
 (66,'Maths2D'),
 (66,'ANGL_S1'),
 (66,'ALL_S2'),
 (66,'SNT8'),
 (66,'SVT_SD'),
 (90,'Fran2D'),
 (90,'HistGeo2D'),
 (90,'PhysCh2D'),
 (90,'Maths2D'),
 (90,'ANGL_S6'),
 (90,'ALL_S4'),
 (90,'SNT8'),
 (90,'SVT_SD'),
 (92,'Fran2D'),
 (92,'HistGeo2D'),
 (92,'PhysCh2D'),
 (92,'Maths2D'),
 (92,'ANGL_S3'),
 (92,'ALL_S1'),
 (92,'SNT3'),
 (92,'SVT_SD'),
 (116,'Fran2D'),
 (116,'HistGeo2D'),
 (116,'PhysCh2D'),
 (116,'Maths2D'),
 (116,'ANGL_S3'),
 (116,'ALL_S4'),
 (116,'SNT5'),
 (116,'SVT_SD'),
 (123,'Fran2D'),
 (123,'HistGeo2D'),
 (123,'PhysCh2D'),
 (123,'Maths2D'),
 (123,'ANGL_S2'),
 (123,'ESP_S2'),
 (123,'SNT7'),
 (123,'SVT_SD'),
 (132,'Fran2D'),
 (132,'HistGeo2D'),
 (132,'PhysCh2D'),
 (132,'Maths2D'),
 (132,'ANGL_S4'),
 (132,'ESP_S2'),
 (132,'SNT2'),
 (132,'SVT_SD'),
 (140,'Fran2D'),
 (140,'HistGeo2D'),
 (140,'PhysCh2D'),
 (140,'Maths2D'),
 (140,'ANGL_S1'),
 (140,'ESP_S2'),
 (140,'SNT11'),
 (140,'SVT_SD'),
 (157,'Fran2D'),
 (157,'HistGeo2D'),
 (157,'PhysCh2D'),
 (157,'Maths2D'),
 (157,'ANGL_S6'),
 (157,'ALL_S1'),
 (157,'SNT7'),
 (157,'SVT_SD'),
 (164,'Fran2D'),
 (164,'HistGeo2D'),
 (164,'PhysCh2D'),
 (164,'Maths2D'),
 (164,'ANGL_S4'),
 (164,'SNT10'),
 (164,'SVT_SD'),
 (167,'Fran2D'),
 (167,'HistGeo2D'),
 (167,'PhysCh2D'),
 (167,'Maths2D'),
 (167,'ANGL_S4'),
 (167,'ALL_S3'),
 (167,'SNT1'),
 (167,'SVT_SD'),
 (181,'Fran2D'),
 (181,'HistGeo2D'),
 (181,'PhysCh2D'),
 (181,'Maths2D'),
 (181,'ANGL_S6'),
 (181,'ESP_S2'),
 (181,'SNT10'),
 (181,'SVT_SD'),
 (196,'Fran2D'),
 (196,'HistGeo2D'),
 (196,'PhysCh2D'),
 (196,'Maths2D'),
 (196,'ANGL_S3'),
 (196,'ALL_S1'),
 (196,'SNT11'),
 (196,'SVT_SD'),
 (199,'Fran2D'),
 (199,'HistGeo2D'),
 (199,'PhysCh2D'),
 (199,'Maths2D'),
 (199,'ANGL_S5'),
 (199,'ESP_S1'),
 (199,'SNT7'),
 (199,'SVT_SD'),
 (202,'Fran2D'),
 (202,'HistGeo2D'),
 (202,'PhysCh2D'),
 (202,'Maths2D'),
 (202,'ANGL_S4'),
 (202,'ALL_S2'),
 (202,'SNT8'),
 (202,'SVT_SD'),
 (215,'Fran2D'),
 (215,'HistGeo2D'),
 (215,'PhysCh2D'),
 (215,'Maths2D'),
 (215,'ANGL_S5'),
 (215,'ALL_S1'),
 (215,'SNT4'),
 (215,'SVT_SD'),
 (305,'Fran2D'),
 (305,'HistGeo2D'),
 (305,'PhysCh2D'),
 (305,'Maths2D'),
 (305,'ANGL_S5'),
 (305,'ALL_S1'),
 (305,'SNT9'),
 (305,'SVT_SD'),
 (332,'Fran2D'),
 (332,'HistGeo2D'),
 (332,'PhysCh2D'),
 (332,'Maths2D'),
 (332,'ANGL_S6'),
 (332,'ESP_S2'),
 (332,'SNT7'),
 (332,'SVT_SD'),
 (367,'Fran2D'),
 (367,'HistGeo2D'),
 (367,'PhysCh2D'),
 (367,'Maths2D'),
 (367,'ANGL_S2'),
 (367,'ALL_S4'),
 (367,'SNT3'),
 (367,'SVT_SD'),
 (386,'Fran2D'),
 (386,'HistGeo2D'),
 (386,'PhysCh2D'),
 (386,'Maths2D'),
 (386,'ANGL_S2'),
 (386,'ALL_S4'),
 (386,'SNT1'),
 (386,'SVT_SD'),
 (418,'Fran2D'),
 (418,'HistGeo2D'),
 (418,'PhysCh2D'),
 (418,'Maths2D'),
 (418,'ANGL_S2'),
 (418,'ESP_S2'),
 (418,'SNT11'),
 (418,'SVT_SD'),
 (420,'Fran2D'),
 (420,'HistGeo2D'),
 (420,'PhysCh2D'),
 (420,'Maths2D'),
 (420,'ANGL_S3'),
 (420,'ALL_S2'),
 (420,'SNT9'),
 (420,'SVT_SD'),
 (495,'Fran2D'),
 (495,'HistGeo2D'),
 (495,'PhysCh2D'),
 (495,'Maths2D'),
 (495,'ANGL_S3'),
 (495,'ALL_S2'),
 (495,'SNT9'),
 (495,'SVT_SD'),
 (12,'Fran2E'),
 (12,'HistGeo2E'),
 (12,'PhysCh2E'),
 (12,'Maths2E'),
 (12,'ANGL_S1'),
 (12,'ESP_S1'),
 (12,'SNT6'),
 (12,'SVT_SE'),
 (13,'Fran2E'),
 (13,'HistGeo2E'),
 (13,'PhysCh2E'),
 (13,'Maths2E'),
 (13,'ANGL_S5'),
 (13,'ESP_S2'),
 (13,'SNT11'),
 (13,'SVT_SE'),
 (33,'Fran2E'),
 (33,'HistGeo2E'),
 (33,'PhysCh2E'),
 (33,'Maths2E'),
 (33,'ANGL_S2'),
 (33,'ALL_S2'),
 (33,'SNT4'),
 (33,'SVT_SE'),
 (36,'Fran2E'),
 (36,'HistGeo2E'),
 (36,'PhysCh2E'),
 (36,'Maths2E'),
 (36,'ANGL_S4'),
 (36,'ALL_S2'),
 (36,'SNT9'),
 (36,'SVT_SE'),
 (59,'Fran2E'),
 (59,'HistGeo2E'),
 (59,'PhysCh2E'),
 (59,'Maths2E'),
 (59,'ANGL_S2'),
 (59,'ALL_S1'),
 (59,'SNT5'),
 (59,'SVT_SE'),
 (62,'Fran2E'),
 (62,'HistGeo2E'),
 (62,'PhysCh2E'),
 (62,'Maths2E'),
 (62,'ANGL_S6'),
 (62,'ESP_S2'),
 (62,'SNT4'),
 (62,'SVT_SE'),
 (73,'Fran2E'),
 (73,'HistGeo2E'),
 (73,'PhysCh2E'),
 (73,'Maths2E'),
 (73,'ANGL_S1'),
 (73,'ALL_S2'),
 (73,'SNT2'),
 (73,'SVT_SE'),
 (76,'Fran2E'),
 (76,'HistGeo2E'),
 (76,'PhysCh2E'),
 (76,'Maths2E'),
 (76,'ANGL_S3'),
 (76,'ALL_S1'),
 (76,'SNT1'),
 (76,'SVT_SE'),
 (120,'Fran2E'),
 (120,'HistGeo2E'),
 (120,'PhysCh2E'),
 (120,'Maths2E'),
 (120,'ANGL_S1'),
 (120,'ESP_S2'),
 (120,'SNT4'),
 (120,'SVT_SE'),
 (135,'Fran2E'),
 (135,'HistGeo2E'),
 (135,'PhysCh2E'),
 (135,'Maths2E'),
 (135,'ANGL_S1'),
 (135,'ESP_S2'),
 (135,'SNT11'),
 (135,'SVT_SE'),
 (139,'Fran2E'),
 (139,'HistGeo2E'),
 (139,'PhysCh2E'),
 (139,'Maths2E'),
 (139,'ANGL_S2'),
 (139,'ALL_S3'),
 (139,'SNT9'),
 (139,'SVT_SE'),
 (150,'Fran2E'),
 (150,'HistGeo2E'),
 (150,'PhysCh2E'),
 (150,'Maths2E'),
 (150,'ANGL_S5'),
 (150,'ALL_S3'),
 (150,'SNT9'),
 (150,'SVT_SE'),
 (166,'Fran2E'),
 (166,'HistGeo2E'),
 (166,'PhysCh2E'),
 (166,'Maths2E'),
 (166,'ANGL_S1'),
 (166,'ALL_S4'),
 (166,'SNT6'),
 (166,'SVT_SE'),
 (186,'Fran2E'),
 (186,'HistGeo2E'),
 (186,'PhysCh2E'),
 (186,'Maths2E'),
 (186,'ANGL_S4'),
 (186,'ESP_S1'),
 (186,'SNT7'),
 (186,'SVT_SE'),
 (239,'Fran2E'),
 (239,'HistGeo2E'),
 (239,'PhysCh2E'),
 (239,'Maths2E'),
 (239,'ANGL_S1'),
 (239,'ALL_S2'),
 (239,'SNT4'),
 (239,'SVT_SE'),
 (247,'Fran2E'),
 (247,'HistGeo2E'),
 (247,'PhysCh2E'),
 (247,'Maths2E'),
 (247,'ANGL_S2'),
 (247,'ESP_S2'),
 (247,'SNT4'),
 (247,'SVT_SE'),
 (258,'Fran2E'),
 (258,'HistGeo2E'),
 (258,'PhysCh2E'),
 (258,'Maths2E'),
 (258,'ANGL_S1'),
 (258,'ALL_S4'),
 (258,'SNT4'),
 (258,'SVT_SE'),
 (278,'Fran2E'),
 (278,'HistGeo2E'),
 (278,'PhysCh2E'),
 (278,'Maths2E'),
 (278,'ANGL_S1'),
 (278,'ALL_S2'),
 (278,'SNT6'),
 (278,'SVT_SE'),
 (295,'Fran2E'),
 (295,'HistGeo2E'),
 (295,'PhysCh2E'),
 (295,'Maths2E'),
 (295,'ANGL_S1'),
 (295,'ALL_S1'),
 (295,'SNT8'),
 (295,'SVT_SE'),
 (316,'Fran2E'),
 (316,'HistGeo2E'),
 (316,'PhysCh2E'),
 (316,'Maths2E'),
 (316,'ANGL_S4'),
 (316,'ALL_S3'),
 (316,'SNT1'),
 (316,'SVT_SE'),
 (324,'Fran2E'),
 (324,'HistGeo2E'),
 (324,'PhysCh2E'),
 (324,'Maths2E'),
 (324,'ANGL_S5'),
 (324,'ALL_S4'),
 (324,'SNT11'),
 (324,'SVT_SE'),
 (327,'Fran2E'),
 (327,'HistGeo2E'),
 (327,'PhysCh2E'),
 (327,'Maths2E'),
 (327,'ANGL_S5'),
 (327,'ALL_S4'),
 (327,'SNT2'),
 (327,'SVT_SE'),
 (342,'Fran2E'),
 (342,'HistGeo2E'),
 (342,'PhysCh2E'),
 (342,'Maths2E'),
 (342,'ANGL_S2'),
 (342,'ALL_S4'),
 (342,'SNT5'),
 (342,'SVT_SE'),
 (397,'Fran2E'),
 (397,'HistGeo2E'),
 (397,'PhysCh2E'),
 (397,'Maths2E'),
 (397,'ANGL_S5'),
 (397,'ALL_S3'),
 (397,'SNT2'),
 (397,'SVT_SE'),
 (401,'Fran2E'),
 (401,'HistGeo2E'),
 (401,'PhysCh2E'),
 (401,'Maths2E'),
 (401,'ANGL_S4'),
 (401,'ALL_S1'),
 (401,'SNT5'),
 (401,'SVT_SE'),
 (439,'Fran2E'),
 (439,'HistGeo2E'),
 (439,'PhysCh2E'),
 (439,'Maths2E'),
 (439,'ANGL_S5'),
 (439,'ALL_S4'),
 (439,'SNT8'),
 (439,'SVT_SE'),
 (489,'Fran2E'),
 (489,'HistGeo2E'),
 (489,'PhysCh2E'),
 (489,'Maths2E'),
 (489,'ANGL_S2'),
 (489,'ESP_S2'),
 (489,'SNT1'),
 (489,'SVT_SE'),
 (499,'Fran2E'),
 (499,'HistGeo2E'),
 (499,'PhysCh2E'),
 (499,'Maths2E'),
 (499,'ANGL_S1'),
 (499,'ESP_S2'),
 (499,'SNT8'),
 (499,'SVT_SE'),
 (5,'Fran2F'),
 (5,'HistGeo2F'),
 (5,'PhysCh2F'),
 (5,'Maths2F'),
 (5,'ANGL_S1'),
 (5,'ALL_S4'),
 (5,'SNT3'),
 (5,'SVT_SF'),
 (8,'Fran2F'),
 (8,'HistGeo2F'),
 (8,'PhysCh2F'),
 (8,'Maths2F'),
 (8,'ANGL_S3'),
 (8,'ALL_S3'),
 (8,'SNT7'),
 (8,'SVT_SF'),
 (10,'Fran2F'),
 (10,'HistGeo2F'),
 (10,'PhysCh2F'),
 (10,'Maths2F'),
 (10,'ANGL_S4'),
 (10,'ALL_S4'),
 (10,'SNT11'),
 (10,'SVT_SF'),
 (52,'Fran2F'),
 (52,'HistGeo2F'),
 (52,'PhysCh2F'),
 (52,'Maths2F'),
 (52,'ANGL_S6'),
 (52,'ESP_S2'),
 (52,'SNT4'),
 (52,'SVT_SF'),
 (56,'Fran2F'),
 (56,'HistGeo2F'),
 (56,'PhysCh2F'),
 (56,'Maths2F'),
 (56,'ANGL_S6'),
 (56,'ESP_S1'),
 (56,'SNT7'),
 (56,'SVT_SF'),
 (78,'Fran2F'),
 (78,'HistGeo2F'),
 (78,'PhysCh2F'),
 (78,'Maths2F'),
 (78,'ANGL_S4'),
 (78,'ESP_S2'),
 (78,'SNT11'),
 (78,'SVT_SF'),
 (84,'Fran2F'),
 (84,'HistGeo2F'),
 (84,'PhysCh2F'),
 (84,'Maths2F'),
 (84,'ANGL_S3'),
 (84,'ALL_S1'),
 (84,'SNT2'),
 (84,'SVT_SF'),
 (111,'Fran2F'),
 (111,'HistGeo2F'),
 (111,'PhysCh2F'),
 (111,'Maths2F'),
 (111,'ANGL_S6'),
 (111,'ALL_S2'),
 (111,'SNT10'),
 (111,'SVT_SF'),
 (125,'Fran2F'),
 (125,'HistGeo2F'),
 (125,'PhysCh2F'),
 (125,'Maths2F'),
 (125,'ANGL_S6'),
 (125,'ESP_S1'),
 (125,'SNT6'),
 (125,'SVT_SF'),
 (126,'Fran2F'),
 (126,'HistGeo2F'),
 (126,'PhysCh2F'),
 (126,'Maths2F'),
 (126,'ANGL_S5'),
 (126,'ALL_S3'),
 (126,'SNT9'),
 (126,'SVT_SF'),
 (127,'Fran2F'),
 (127,'HistGeo2F'),
 (127,'PhysCh2F'),
 (127,'Maths2F'),
 (127,'ANGL_S6'),
 (127,'ESP_S1'),
 (127,'SNT4'),
 (127,'SVT_SF'),
 (156,'Fran2F'),
 (156,'HistGeo2F'),
 (156,'PhysCh2F'),
 (156,'Maths2F'),
 (156,'ANGL_S4'),
 (156,'ALL_S1'),
 (156,'SNT6'),
 (156,'SVT_SF'),
 (170,'Fran2F'),
 (170,'HistGeo2F'),
 (170,'PhysCh2F'),
 (170,'Maths2F'),
 (170,'ANGL_S5'),
 (170,'ALL_S3'),
 (170,'SNT11'),
 (170,'SVT_SF'),
 (171,'Fran2F'),
 (171,'HistGeo2F'),
 (171,'PhysCh2F'),
 (171,'Maths2F'),
 (171,'ANGL_S5'),
 (171,'ESP_S2'),
 (171,'SNT5'),
 (171,'SVT_SF'),
 (172,'Fran2F'),
 (172,'HistGeo2F'),
 (172,'PhysCh2F'),
 (172,'Maths2F'),
 (172,'ANGL_S2'),
 (172,'ALL_S3'),
 (172,'SNT1'),
 (172,'SVT_SF'),
 (253,'Fran2F'),
 (253,'HistGeo2F'),
 (253,'PhysCh2F'),
 (253,'Maths2F'),
 (253,'ANGL_S5'),
 (253,'ESP_S2'),
 (253,'SNT3'),
 (253,'SVT_SF'),
 (267,'Fran2F'),
 (267,'HistGeo2F'),
 (267,'PhysCh2F'),
 (267,'Maths2F'),
 (267,'ANGL_S2'),
 (267,'ALL_S4'),
 (267,'SNT11'),
 (267,'SVT_SF'),
 (270,'Fran2F'),
 (270,'HistGeo2F'),
 (270,'PhysCh2F'),
 (270,'Maths2F'),
 (270,'ANGL_S3'),
 (270,'ALL_S3'),
 (270,'SNT2'),
 (270,'SVT_SF'),
 (276,'Fran2F'),
 (276,'HistGeo2F'),
 (276,'PhysCh2F'),
 (276,'Maths2F'),
 (276,'ANGL_S3'),
 (276,'SNT3'),
 (276,'SVT_SF'),
 (292,'Fran2F'),
 (292,'HistGeo2F'),
 (292,'PhysCh2F'),
 (292,'Maths2F'),
 (292,'ANGL_S5'),
 (292,'ALL_S3'),
 (292,'SNT8'),
 (292,'SVT_SF'),
 (300,'Fran2F'),
 (300,'HistGeo2F'),
 (300,'PhysCh2F'),
 (300,'Maths2F'),
 (300,'ANGL_S2'),
 (300,'ALL_S3'),
 (300,'SNT4'),
 (300,'SVT_SF'),
 (319,'Fran2F'),
 (319,'HistGeo2F'),
 (319,'PhysCh2F'),
 (319,'Maths2F'),
 (319,'ANGL_S3'),
 (319,'ALL_S1'),
 (319,'SNT4'),
 (319,'SVT_SF'),
 (331,'Fran2F'),
 (331,'HistGeo2F'),
 (331,'PhysCh2F'),
 (331,'Maths2F'),
 (331,'ANGL_S1'),
 (331,'ESP_S2'),
 (331,'SNT11'),
 (331,'SVT_SF'),
 (339,'Fran2F'),
 (339,'HistGeo2F'),
 (339,'PhysCh2F'),
 (339,'Maths2F'),
 (339,'ANGL_S5'),
 (339,'ESP_S2'),
 (339,'SNT7'),
 (339,'SVT_SF'),
 (355,'Fran2F'),
 (355,'HistGeo2F'),
 (355,'PhysCh2F'),
 (355,'Maths2F'),
 (355,'ANGL_S1'),
 (355,'ALL_S3'),
 (355,'SNT5'),
 (355,'SVT_SF'),
 (358,'Fran2F'),
 (358,'HistGeo2F'),
 (358,'PhysCh2F'),
 (358,'Maths2F'),
 (358,'ANGL_S5'),
 (358,'ALL_S1'),
 (358,'SNT10'),
 (358,'SVT_SF'),
 (362,'Fran2F'),
 (362,'HistGeo2F'),
 (362,'PhysCh2F'),
 (362,'Maths2F'),
 (362,'ANGL_S6'),
 (362,'ALL_S2'),
 (362,'SNT2'),
 (362,'SVT_SF'),
 (388,'Fran2F'),
 (388,'HistGeo2F'),
 (388,'PhysCh2F'),
 (388,'Maths2F'),
 (388,'ANGL_S6'),
 (388,'ALL_S2'),
 (388,'SNT9'),
 (388,'SVT_SF'),
 (390,'Fran2F'),
 (390,'HistGeo2F'),
 (390,'PhysCh2F'),
 (390,'Maths2F'),
 (390,'ANGL_S2'),
 (390,'ESP_S2'),
 (390,'SNT6'),
 (390,'SVT_SF'),
 (442,'Fran2F'),
 (442,'HistGeo2F'),
 (442,'PhysCh2F'),
 (442,'Maths2F'),
 (442,'ANGL_S1'),
 (442,'ESP_S1'),
 (442,'SNT4'),
 (442,'SVT_SF'),
 (449,'Fran2F'),
 (449,'HistGeo2F'),
 (449,'PhysCh2F'),
 (449,'Maths2F'),
 (449,'ANGL_S3'),
 (449,'ALL_S2'),
 (449,'SNT3'),
 (449,'SVT_SF'),
 (450,'Fran2F'),
 (450,'HistGeo2F'),
 (450,'PhysCh2F'),
 (450,'Maths2F'),
 (450,'ANGL_S4'),
 (450,'ALL_S4'),
 (450,'SNT8'),
 (450,'SVT_SF'),
 (451,'Fran2F'),
 (451,'HistGeo2F'),
 (451,'PhysCh2F'),
 (451,'Maths2F'),
 (451,'ANGL_S4'),
 (451,'ALL_S3'),
 (451,'SNT7'),
 (451,'SVT_SF'),
 (455,'Fran2F'),
 (455,'HistGeo2F'),
 (455,'PhysCh2F'),
 (455,'Maths2F'),
 (455,'ANGL_S6'),
 (455,'ALL_S4'),
 (455,'SNT1'),
 (455,'SVT_SF'),
 (471,'Fran2F'),
 (471,'HistGeo2F'),
 (471,'PhysCh2F'),
 (471,'Maths2F'),
 (471,'ANGL_S5'),
 (471,'ALL_S4'),
 (471,'SNT3'),
 (471,'SVT_SF'),
 (2,'FranTGA'),
 (2,'HistGeoTGA'),
 (2,'SPE_MATHS_T2'),
 (2,'SI_T1'),
 (2,'ANGL_T2'),
 (2,'ESP_T'),
 (18,'FranTGA'),
 (18,'HistGeoTGA'),
 (18,'SPE_MATHS_T2'),
 (18,'SPE_PHYS_T1'),
 (18,'ANGL_T2'),
 (18,'ALL_T1'),
 (55,'FranTGA'),
 (55,'HistGeoTGA'),
 (55,'SPE_MATHS_T2'),
 (55,'NSI_T1'),
 (55,'ANGL_T2'),
 (55,'ESP_T'),
 (57,'FranTGA'),
 (57,'HistGeoTGA'),
 (57,'SPE_MATHS_T1'),
 (57,'NSI_T1'),
 (57,'ANGL_T2'),
 (57,'ALL_T1'),
 (149,'FranTGA'),
 (149,'HistGeoTGA'),
 (149,'SPE_MATHS_T1'),
 (149,'SI_T1'),
 (149,'ANGL_T1'),
 (149,'ALL_T1'),
 (162,'FranTGA'),
 (162,'HistGeoTGA'),
 (162,'SPE_MATHS_T2'),
 (162,'SI_T1'),
 (162,'ANGL_T1'),
 (162,'ALL_T1'),
 (189,'FranTGA'),
 (189,'HistGeoTGA'),
 (189,'SPE_PHYS_T1'),
 (189,'SVT_T1'),
 (189,'ANGL_T1'),
 (189,'ALL_T1'),
 (248,'FranTGA'),
 (248,'HistGeoTGA'),
 (248,'SPE_MATHS_T1'),
 (248,'ANGL_T2'),
 (248,'ESP_T'),
 (254,'FranTGA'),
 (254,'HistGeoTGA'),
 (254,'SPE_MATHS_T1'),
 (254,'SI_T1'),
 (254,'ANGL_T2'),
 (254,'ESP_T'),
 (257,'FranTGA'),
 (257,'HistGeoTGA'),
 (257,'SPE_MATHS_T1'),
 (257,'SVT_T1'),
 (257,'ANGL_T1'),
 (257,'ALL_T2'),
 (260,'FranTGA'),
 (260,'HistGeoTGA'),
 (260,'NSI_T1'),
 (260,'SVT_T1'),
 (260,'ANGL_T2'),
 (260,'ALL_T2'),
 (308,'FranTGA'),
 (308,'HistGeoTGA'),
 (308,'SPE_MATHS_T2'),
 (308,'ANGL_T2'),
 (308,'ALL_T1'),
 (353,'FranTGA'),
 (353,'HistGeoTGA'),
 (353,'SPE_MATHS_T1'),
 (353,'SVT_T1'),
 (353,'ANGL_T2'),
 (353,'ALL_T1'),
 (359,'FranTGA'),
 (359,'HistGeoTGA'),
 (359,'SPE_MATHS_T1'),
 (359,'NSI_T1'),
 (359,'ANGL_T3'),
 (359,'ALL_T1'),
 (364,'FranTGA'),
 (364,'HistGeoTGA'),
 (364,'SPE_PHYS_T1'),
 (364,'SI_T1'),
 (364,'ANGL_T3'),
 (364,'ESP_T'),
 (374,'FranTGA'),
 (374,'HistGeoTGA'),
 (374,'SPE_MATHS_T2'),
 (374,'NSI_T1'),
 (374,'ANGL_T1'),
 (374,'ALL_T2'),
 (400,'FranTGA'),
 (400,'HistGeoTGA'),
 (400,'SPE_MATHS_T2'),
 (400,'SVT_T1'),
 (400,'ANGL_T2'),
 (400,'ESP_T'),
 (486,'FranTGA'),
 (486,'HistGeoTGA'),
 (486,'SPE_PHYS_T1'),
 (486,'SVT_T1'),
 (486,'ANGL_T2'),
 (486,'ESP_T'),
 (14,'FranTGB'),
 (14,'HistGeoTGB'),
 (14,'SPE_MATHS_T2'),
 (14,'NSI_T1'),
 (14,'ANGL_T1'),
 (14,'ALL_T2'),
 (17,'FranTGB'),
 (17,'HistGeoTGB'),
 (17,'SPE_MATHS_T2'),
 (17,'SVT_T1'),
 (17,'ANGL_T1'),
 (17,'ESP_T'),
 (21,'FranTGB'),
 (21,'HistGeoTGB'),
 (21,'SPE_MATHS_T1'),
 (21,'NSI_T1'),
 (21,'ANGL_T1'),
 (21,'ALL_T1'),
 (96,'FranTGB'),
 (96,'HistGeoTGB'),
 (96,'SPE_MATHS_T1'),
 (96,'SPE_PHYS_T1'),
 (96,'ANGL_T2'),
 (96,'ALL_T1'),
 (112,'FranTGB'),
 (112,'HistGeoTGB'),
 (112,'SPE_PHYS_T1'),
 (112,'SVT_T1'),
 (112,'ANGL_T3'),
 (112,'ALL_T1'),
 (122,'FranTGB'),
 (122,'HistGeoTGB'),
 (122,'SPE_MATHS_T2'),
 (122,'SI_T1'),
 (122,'ANGL_T2'),
 (122,'ALL_T1'),
 (154,'FranTGB'),
 (154,'HistGeoTGB'),
 (154,'SPE_MATHS_T2'),
 (154,'SI_T1'),
 (154,'ANGL_T2'),
 (154,'ALL_T1'),
 (178,'FranTGB'),
 (178,'HistGeoTGB'),
 (178,'SPE_MATHS_T2'),
 (178,'SI_T1'),
 (178,'ANGL_T2'),
 (178,'ALL_T1'),
 (187,'FranTGB'),
 (187,'HistGeoTGB'),
 (187,'SPE_MATHS_T2'),
 (187,'NSI_T1'),
 (187,'ANGL_T1'),
 (187,'ESP_T'),
 (284,'FranTGB'),
 (284,'HistGeoTGB'),
 (284,'SPE_PHYS_T1'),
 (284,'SVT_T1'),
 (284,'ANGL_T3'),
 (284,'ESP_T'),
 (315,'FranTGB'),
 (315,'HistGeoTGB'),
 (315,'SPE_MATHS_T1'),
 (315,'SI_T1'),
 (315,'ANGL_T2'),
 (315,'ALL_T1'),
 (351,'FranTGB'),
 (351,'HistGeoTGB'),
 (351,'SPE_MATHS_T1'),
 (351,'SI_T1'),
 (351,'ANGL_T1'),
 (351,'ESP_T'),
 (410,'FranTGB'),
 (410,'HistGeoTGB'),
 (410,'SPE_MATHS_T1'),
 (410,'NSI_T1'),
 (410,'ANGL_T3'),
 (410,'ESP_T'),
 (411,'FranTGB'),
 (411,'HistGeoTGB'),
 (411,'SPE_MATHS_T1'),
 (411,'SPE_PHYS_T1'),
 (411,'ANGL_T3'),
 (411,'ALL_T1'),
 (428,'FranTGB'),
 (428,'HistGeoTGB'),
 (428,'SPE_MATHS_T2'),
 (428,'SPE_PHYS_T1'),
 (428,'ANGL_T3'),
 (428,'ALL_T2'),
 (454,'FranTGB'),
 (454,'HistGeoTGB'),
 (454,'SPE_MATHS_T2'),
 (454,'SPE_PHYS_T1'),
 (454,'ANGL_T1'),
 (454,'ESP_T'),
 (22,'FranTGC'),
 (22,'HistGeoTGC'),
 (22,'SPE_MATHS_T2'),
 (22,'ANGL_T2'),
 (22,'ESP_T'),
 (23,'FranTGC'),
 (23,'HistGeoTGC'),
 (23,'SPE_MATHS_T1'),
 (23,'SPE_PHYS_T1'),
 (23,'ANGL_T1'),
 (23,'ALL_T2'),
 (32,'FranTGC'),
 (32,'HistGeoTGC'),
 (32,'SPE_MATHS_T1'),
 (32,'NSI_T1'),
 (32,'ANGL_T3'),
 (32,'ESP_T'),
 (34,'FranTGC'),
 (34,'HistGeoTGC'),
 (34,'SPE_MATHS_T2'),
 (34,'SI_T1'),
 (34,'ANGL_T3'),
 (34,'ALL_T1'),
 (54,'FranTGC'),
 (54,'HistGeoTGC'),
 (54,'SPE_MATHS_T2'),
 (54,'SPE_PHYS_T1'),
 (54,'ANGL_T1'),
 (54,'ALL_T2'),
 (72,'FranTGC'),
 (72,'HistGeoTGC'),
 (72,'SPE_MATHS_T1'),
 (72,'ANGL_T1'),
 (72,'ESP_T'),
 (85,'FranTGC'),
 (85,'HistGeoTGC'),
 (85,'SPE_MATHS_T1'),
 (85,'SPE_PHYS_T1'),
 (85,'ANGL_T2'),
 (85,'ALL_T2'),
 (115,'FranTGC'),
 (115,'HistGeoTGC'),
 (115,'SPE_MATHS_T2'),
 (115,'SPE_PHYS_T1'),
 (115,'ANGL_T2'),
 (115,'ESP_T'),
 (128,'FranTGC'),
 (128,'HistGeoTGC'),
 (128,'SPE_MATHS_T2'),
 (128,'ANGL_T1'),
 (128,'ALL_T2'),
 (159,'FranTGC'),
 (159,'HistGeoTGC'),
 (159,'SPE_PHYS_T1'),
 (159,'SVT_T1'),
 (159,'ANGL_T3'),
 (159,'ALL_T2'),
 (176,'FranTGC'),
 (176,'HistGeoTGC'),
 (176,'SPE_MATHS_T2'),
 (176,'SPE_PHYS_T1'),
 (176,'ANGL_T1'),
 (176,'ESP_T'),
 (197,'FranTGC'),
 (197,'HistGeoTGC'),
 (197,'SPE_MATHS_T2'),
 (197,'SI_T1'),
 (197,'ANGL_T3'),
 (197,'ALL_T2'),
 (221,'FranTGC'),
 (221,'HistGeoTGC'),
 (221,'SPE_MATHS_T2'),
 (221,'NSI_T1'),
 (221,'ANGL_T2'),
 (221,'ALL_T1'),
 (283,'FranTGC'),
 (283,'HistGeoTGC'),
 (283,'SVT_T1'),
 (283,'ANGL_T2'),
 (283,'ALL_T2'),
 (287,'FranTGC'),
 (287,'HistGeoTGC'),
 (287,'SPE_MATHS_T1'),
 (287,'NSI_T1'),
 (287,'ANGL_T2'),
 (287,'ESP_T'),
 (290,'FranTGC'),
 (290,'HistGeoTGC'),
 (290,'SPE_MATHS_T2'),
 (290,'SVT_T1'),
 (290,'ANGL_T3'),
 (290,'ALL_T1'),
 (349,'FranTGC'),
 (349,'HistGeoTGC'),
 (349,'SPE_MATHS_T2'),
 (349,'NSI_T1'),
 (349,'ANGL_T1'),
 (349,'ALL_T2'),
 (357,'FranTGC'),
 (357,'HistGeoTGC'),
 (357,'SPE_MATHS_T2'),
 (357,'SVT_T1'),
 (357,'ANGL_T1'),
 (357,'ESP_T'),
 (363,'FranTGC'),
 (363,'HistGeoTGC'),
 (363,'SPE_MATHS_T2'),
 (363,'SPE_PHYS_T1'),
 (363,'ANGL_T3'),
 (363,'ESP_T'),
 (372,'FranTGC'),
 (372,'HistGeoTGC'),
 (372,'SPE_MATHS_T2'),
 (372,'NSI_T1'),
 (372,'ANGL_T2'),
 (372,'ALL_T2'),
 (382,'FranTGC'),
 (382,'HistGeoTGC'),
 (382,'SPE_MATHS_T1'),
 (382,'SI_T1'),
 (382,'ANGL_T3'),
 (382,'ALL_T2'),
 (421,'FranTGC'),
 (421,'HistGeoTGC'),
 (421,'SPE_MATHS_T2'),
 (421,'SI_T1'),
 (421,'ANGL_T1'),
 (421,'ALL_T2'),
 (430,'FranTGC'),
 (430,'HistGeoTGC'),
 (430,'SPE_PHYS_T1'),
 (430,'NSI_T1'),
 (430,'ANGL_T1'),
 (430,'ALL_T2'),
 (434,'FranTGC'),
 (434,'HistGeoTGC'),
 (434,'SPE_PHYS_T1'),
 (434,'NSI_T1'),
 (434,'ANGL_T1'),
 (434,'ESP_T'),
 (440,'FranTGC'),
 (440,'HistGeoTGC'),
 (440,'SPE_MATHS_T2'),
 (440,'NSI_T1'),
 (440,'ANGL_T2'),
 (440,'ALL_T1'),
 (474,'FranTGC'),
 (474,'HistGeoTGC'),
 (474,'SPE_MATHS_T1'),
 (474,'SI_T1'),
 (474,'ANGL_T2'),
 (474,'ESP_T'),
 (4,'FranSTTA'),
 (4,'HistGeoSTTA'),
 (4,'PhysChSTTA'),
 (4,'MathsSTTA'),
 (4,'INOV_TT1'),
 (4,'ANGL_TT2'),
 (4,'ALL_TT1'),
 (48,'FranSTTA'),
 (48,'HistGeoSTTA'),
 (48,'PhysChSTTA'),
 (48,'MathsSTTA'),
 (48,'DEV_TT1'),
 (48,'ANGL_TT2'),
 (48,'ALL_TT1'),
 (124,'FranSTTA'),
 (124,'HistGeoSTTA'),
 (124,'PhysChSTTA'),
 (124,'MathsSTTA'),
 (124,'SI_TT1'),
 (124,'ANGL_TT3'),
 (124,'ALL_TT3'),
 (163,'FranSTTA'),
 (163,'HistGeoSTTA'),
 (163,'PhysChSTTA'),
 (163,'MathsSTTA'),
 (163,'INOV_TT1'),
 (163,'ANGL_TT2'),
 (163,'ALL_TT1'),
 (185,'FranSTTA'),
 (185,'HistGeoSTTA'),
 (185,'PhysChSTTA'),
 (185,'MathsSTTA'),
 (185,'SI_TT1'),
 (185,'ANGL_TT3'),
 (185,'ALL_TT2'),
 (191,'FranSTTA'),
 (191,'HistGeoSTTA'),
 (191,'PhysChSTTA'),
 (191,'MathsSTTA'),
 (191,'DEV_TT1'),
 (191,'ANGL_TT2'),
 (191,'ALL_TT3'),
 (203,'FranSTTA'),
 (203,'HistGeoSTTA'),
 (203,'PhysChSTTA'),
 (203,'MathsSTTA'),
 (203,'DEV_TT1'),
 (203,'ANGL_TT2'),
 (203,'ALL_TT1'),
 (241,'FranSTTA'),
 (241,'HistGeoSTTA'),
 (241,'PhysChSTTA'),
 (241,'MathsSTTA'),
 (241,'DEV_TT1'),
 (241,'ANGL_TT2'),
 (241,'ESP_TT'),
 (250,'FranSTTA'),
 (250,'HistGeoSTTA'),
 (250,'PhysChSTTA'),
 (250,'MathsSTTA'),
 (250,'DEV_TT1'),
 (250,'ANGL_TT1'),
 (250,'ALL_TT3'),
 (346,'FranSTTA'),
 (346,'HistGeoSTTA'),
 (346,'PhysChSTTA'),
 (346,'MathsSTTA'),
 (346,'INOV_TT1'),
 (346,'ANGL_TT1'),
 (346,'ALL_TT3'),
 (371,'FranSTTA'),
 (371,'HistGeoSTTA'),
 (371,'PhysChSTTA'),
 (371,'MathsSTTA'),
 (371,'SI_TT1'),
 (371,'ANGL_TT2'),
 (371,'ESP_TT'),
 (398,'FranSTTA'),
 (398,'HistGeoSTTA'),
 (398,'PhysChSTTA'),
 (398,'MathsSTTA'),
 (398,'SI_TT1'),
 (398,'ANGL_TT3'),
 (398,'ALL_TT2'),
 (452,'FranSTTA'),
 (452,'HistGeoSTTA'),
 (452,'PhysChSTTA'),
 (452,'MathsSTTA'),
 (452,'INOV_TT1'),
 (452,'ANGL_TT2'),
 (452,'ESP_TT'),
 (462,'FranSTTA'),
 (462,'HistGeoSTTA'),
 (462,'PhysChSTTA'),
 (462,'MathsSTTA'),
 (462,'DEV_TT1'),
 (462,'ANGL_TT2'),
 (462,'ALL_TT2'),
 (463,'FranSTTA'),
 (463,'HistGeoSTTA'),
 (463,'PhysChSTTA'),
 (463,'MathsSTTA'),
 (463,'SI_TT1'),
 (463,'ANGL_TT3'),
 (463,'ALL_TT1'),
 (491,'FranSTTA'),
 (491,'HistGeoSTTA'),
 (491,'PhysChSTTA'),
 (491,'MathsSTTA'),
 (491,'DEV_TT1'),
 (491,'ANGL_TT2'),
 (491,'ALL_TT1'),
 (9,'FranSTTB'),
 (9,'HistGeoSTTB'),
 (9,'PhysChSTTB'),
 (9,'MathsSTTB'),
 (9,'SI_TT1'),
 (9,'ANGL_TT1'),
 (9,'ALL_TT1'),
 (47,'FranSTTB'),
 (47,'HistGeoSTTB'),
 (47,'PhysChSTTB'),
 (47,'MathsSTTB'),
 (47,'DEV_TT1'),
 (47,'ANGL_TT1'),
 (47,'ALL_TT2'),
 (80,'FranSTTB'),
 (80,'HistGeoSTTB'),
 (80,'PhysChSTTB'),
 (80,'MathsSTTB'),
 (80,'SI_TT1'),
 (80,'ANGL_TT1'),
 (80,'ALL_TT2'),
 (107,'FranSTTB'),
 (107,'HistGeoSTTB'),
 (107,'PhysChSTTB'),
 (107,'MathsSTTB'),
 (107,'DEV_TT1'),
 (107,'ANGL_TT2'),
 (107,'ALL_TT2'),
 (108,'FranSTTB'),
 (108,'HistGeoSTTB'),
 (108,'PhysChSTTB'),
 (108,'MathsSTTB'),
 (108,'SI_TT1'),
 (108,'ANGL_TT3'),
 (108,'ALL_TT2'),
 (147,'FranSTTB'),
 (147,'HistGeoSTTB'),
 (147,'PhysChSTTB'),
 (147,'MathsSTTB'),
 (147,'DEV_TT1'),
 (147,'ANGL_TT3'),
 (147,'ALL_TT1'),
 (161,'FranSTTB'),
 (161,'HistGeoSTTB'),
 (161,'PhysChSTTB'),
 (161,'MathsSTTB'),
 (161,'INOV_TT1'),
 (161,'ANGL_TT2'),
 (161,'ALL_TT2'),
 (165,'FranSTTB'),
 (165,'HistGeoSTTB'),
 (165,'PhysChSTTB'),
 (165,'MathsSTTB'),
 (165,'INOV_TT1'),
 (165,'ANGL_TT2'),
 (165,'ALL_TT2'),
 (227,'FranSTTB'),
 (227,'HistGeoSTTB'),
 (227,'PhysChSTTB'),
 (227,'MathsSTTB'),
 (227,'INOV_TT1'),
 (227,'ANGL_TT2'),
 (227,'ALL_TT1'),
 (256,'FranSTTB'),
 (256,'HistGeoSTTB'),
 (256,'PhysChSTTB'),
 (256,'MathsSTTB'),
 (256,'SI_TT1'),
 (256,'ANGL_TT3'),
 (256,'ALL_TT2'),
 (262,'FranSTTB'),
 (262,'HistGeoSTTB'),
 (262,'PhysChSTTB'),
 (262,'MathsSTTB'),
 (262,'SI_TT1'),
 (262,'ANGL_TT3'),
 (262,'ALL_TT1'),
 (268,'FranSTTB'),
 (268,'HistGeoSTTB'),
 (268,'PhysChSTTB'),
 (268,'MathsSTTB'),
 (268,'SI_TT1'),
 (268,'ANGL_TT1'),
 (268,'ALL_TT2'),
 (329,'FranSTTB'),
 (329,'HistGeoSTTB'),
 (329,'PhysChSTTB'),
 (329,'MathsSTTB'),
 (329,'INOV_TT1'),
 (329,'ANGL_TT3'),
 (329,'ALL_TT2'),
 (343,'FranSTTB'),
 (343,'HistGeoSTTB'),
 (343,'PhysChSTTB'),
 (343,'MathsSTTB'),
 (343,'INOV_TT1'),
 (343,'ANGL_TT1'),
 (343,'ALL_TT1'),
 (389,'FranSTTB'),
 (389,'HistGeoSTTB'),
 (389,'PhysChSTTB'),
 (389,'MathsSTTB'),
 (389,'SI_TT1'),
 (389,'ANGL_TT3'),
 (389,'ALL_TT3'),
 (395,'FranSTTB'),
 (395,'HistGeoSTTB'),
 (395,'PhysChSTTB'),
 (395,'MathsSTTB'),
 (395,'SI_TT1'),
 (395,'ANGL_TT3'),
 (395,'ALL_TT2'),
 (424,'FranSTTB'),
 (424,'HistGeoSTTB'),
 (424,'PhysChSTTB'),
 (424,'MathsSTTB'),
 (424,'DEV_TT1'),
 (424,'ANGL_TT3'),
 (424,'ESP_TT'),
 (468,'FranSTTB'),
 (468,'HistGeoSTTB'),
 (468,'PhysChSTTB'),
 (468,'MathsSTTB'),
 (468,'SI_TT1'),
 (468,'ANGL_TT1'),
 (468,'ALL_TT1'),
 (469,'FranSTTB'),
 (469,'HistGeoSTTB'),
 (469,'PhysChSTTB'),
 (469,'MathsSTTB'),
 (469,'DEV_TT1'),
 (469,'ANGL_TT1'),
 (469,'ALL_TT1'),
 (475,'FranSTTB'),
 (475,'HistGeoSTTB'),
 (475,'PhysChSTTB'),
 (475,'MathsSTTB'),
 (475,'DEV_TT1'),
 (475,'ANGL_TT2'),
 (475,'ALL_TT3'),
 (480,'FranSTTB'),
 (480,'HistGeoSTTB'),
 (480,'PhysChSTTB'),
 (480,'MathsSTTB'),
 (480,'INOV_TT1'),
 (480,'ANGL_TT1'),
 (480,'ESP_TT'),
 (37,'FranSTTC'),
 (37,'HistGeoSTTC'),
 (37,'PhysChSTTC'),
 (37,'MathsSTTC'),
 (37,'INOV_TT1'),
 (37,'ANGL_TT2'),
 (37,'ESP_TT'),
 (75,'FranSTTC'),
 (75,'HistGeoSTTC'),
 (75,'PhysChSTTC'),
 (75,'MathsSTTC'),
 (75,'INOV_TT1'),
 (75,'ANGL_TT1'),
 (75,'ALL_TT2'),
 (212,'FranSTTC'),
 (212,'HistGeoSTTC'),
 (212,'PhysChSTTC'),
 (212,'MathsSTTC'),
 (212,'DEV_TT1'),
 (212,'ANGL_TT3'),
 (212,'ALL_TT3'),
 (224,'FranSTTC'),
 (224,'HistGeoSTTC'),
 (224,'PhysChSTTC'),
 (224,'MathsSTTC'),
 (224,'SI_TT1'),
 (224,'ANGL_TT3'),
 (236,'FranSTTC'),
 (236,'HistGeoSTTC'),
 (236,'PhysChSTTC'),
 (236,'MathsSTTC'),
 (236,'DEV_TT1'),
 (236,'ANGL_TT1'),
 (236,'ALL_TT1'),
 (263,'FranSTTC'),
 (263,'HistGeoSTTC'),
 (263,'PhysChSTTC'),
 (263,'MathsSTTC'),
 (263,'SI_TT1'),
 (263,'ANGL_TT3'),
 (263,'ALL_TT2'),
 (299,'FranSTTC'),
 (299,'HistGeoSTTC'),
 (299,'PhysChSTTC'),
 (299,'MathsSTTC'),
 (299,'INOV_TT1'),
 (299,'ANGL_TT2'),
 (299,'ESP_TT'),
 (303,'FranSTTC'),
 (303,'HistGeoSTTC'),
 (303,'PhysChSTTC'),
 (303,'MathsSTTC'),
 (303,'DEV_TT1'),
 (303,'ANGL_TT2'),
 (303,'ALL_TT3'),
 (336,'FranSTTC'),
 (336,'HistGeoSTTC'),
 (336,'PhysChSTTC'),
 (336,'MathsSTTC'),
 (336,'DEV_TT1'),
 (336,'ANGL_TT1'),
 (336,'ESP_TT'),
 (347,'FranSTTC'),
 (347,'HistGeoSTTC'),
 (347,'PhysChSTTC'),
 (347,'MathsSTTC'),
 (347,'SI_TT1'),
 (347,'ANGL_TT1'),
 (347,'ALL_TT2'),
 (368,'FranSTTC'),
 (368,'HistGeoSTTC'),
 (368,'PhysChSTTC'),
 (368,'MathsSTTC'),
 (368,'SI_TT1'),
 (368,'ANGL_TT1'),
 (368,'ESP_TT'),
 (380,'FranSTTC'),
 (380,'HistGeoSTTC'),
 (380,'PhysChSTTC'),
 (380,'MathsSTTC'),
 (380,'SI_TT1'),
 (380,'ANGL_TT3'),
 (380,'ESP_TT'),
 (405,'FranSTTC'),
 (405,'HistGeoSTTC'),
 (405,'PhysChSTTC'),
 (405,'MathsSTTC'),
 (405,'DEV_TT1'),
 (405,'ANGL_TT3'),
 (405,'ALL_TT1'),
 (441,'FranSTTC'),
 (441,'HistGeoSTTC'),
 (441,'PhysChSTTC'),
 (441,'MathsSTTC'),
 (441,'DEV_TT1'),
 (441,'ANGL_TT1'),
 (441,'ESP_TT'),
 (7,'FranSTTD'),
 (7,'HistGeoSTTD'),
 (7,'PhysChSTTD'),
 (7,'MathsSTTD'),
 (7,'INOV_TT1'),
 (7,'ANGL_TT3'),
 (7,'ALL_TT1'),
 (11,'FranSTTD'),
 (11,'HistGeoSTTD'),
 (11,'PhysChSTTD'),
 (11,'MathsSTTD'),
 (11,'DEV_TT1'),
 (11,'ANGL_TT3'),
 (11,'ALL_TT2'),
 (20,'FranSTTD'),
 (20,'HistGeoSTTD'),
 (20,'PhysChSTTD'),
 (20,'MathsSTTD'),
 (20,'SI_TT1'),
 (20,'ANGL_TT3'),
 (20,'ALL_TT1'),
 (58,'FranSTTD'),
 (58,'HistGeoSTTD'),
 (58,'PhysChSTTD'),
 (58,'MathsSTTD'),
 (58,'DEV_TT1'),
 (58,'ANGL_TT2'),
 (58,'ALL_TT2'),
 (65,'FranSTTD'),
 (65,'HistGeoSTTD'),
 (65,'PhysChSTTD'),
 (65,'MathsSTTD'),
 (65,'INOV_TT1'),
 (65,'ANGL_TT2'),
 (65,'ALL_TT1'),
 (81,'FranSTTD'),
 (81,'HistGeoSTTD'),
 (81,'PhysChSTTD'),
 (81,'MathsSTTD'),
 (81,'DEV_TT1'),
 (81,'ANGL_TT1'),
 (81,'ALL_TT3'),
 (195,'FranSTTD'),
 (195,'HistGeoSTTD'),
 (195,'PhysChSTTD'),
 (195,'MathsSTTD'),
 (195,'INOV_TT1'),
 (195,'ANGL_TT2'),
 (195,'ALL_TT2'),
 (237,'FranSTTD'),
 (237,'HistGeoSTTD'),
 (237,'PhysChSTTD'),
 (237,'MathsSTTD'),
 (237,'SI_TT1'),
 (237,'ANGL_TT3'),
 (237,'ESP_TT'),
 (333,'FranSTTD'),
 (333,'HistGeoSTTD'),
 (333,'PhysChSTTD'),
 (333,'MathsSTTD'),
 (333,'DEV_TT1'),
 (333,'ANGL_TT2'),
 (333,'ESP_TT'),
 (375,'FranSTTD'),
 (375,'HistGeoSTTD'),
 (375,'PhysChSTTD'),
 (375,'MathsSTTD'),
 (375,'SI_TT1'),
 (375,'ANGL_TT1'),
 (375,'ALL_TT2'),
 (394,'FranSTTD'),
 (394,'HistGeoSTTD'),
 (394,'PhysChSTTD'),
 (394,'MathsSTTD'),
 (394,'INOV_TT1'),
 (394,'ANGL_TT1'),
 (394,'ESP_TT'),
 (453,'FranSTTD'),
 (453,'HistGeoSTTD'),
 (453,'PhysChSTTD'),
 (453,'MathsSTTD'),
 (453,'INOV_TT1'),
 (453,'ALL_TT1');
COMMIT;
